Datetime,equity
2025-09-10 04:00:00+00:00,100000.0
2025-09-10 08:00:00+00:00,100000.0
2025-09-10 12:00:00+00:00,100000.0
2025-09-10 16:00:00+00:00,100000.0
2025-09-10 20:00:00+00:00,100000.0
2025-09-11 00:00:00+00:00,100000.0
2025-09-11 04:00:00+00:00,100000.0
2025-09-11 08:00:00+00:00,100000.0
2025-09-11 12:00:00+00:00,100000.0
2025-09-11 16:00:00+00:00,100000.0
2025-09-11 20:00:00+00:00,100000.0
2025-09-12 00:00:00+00:00,100000.0
2025-09-12 04:00:00+00:00,100000.0
2025-09-12 08:00:00+00:00,100000.0
2025-09-12 12:00:00+00:00,100000.0
2025-09-12 16:00:00+00:00,100000.0
2025-09-12 20:00:00+00:00,100000.0
2025-09-13 00:00:00+00:00,100000.0
2025-09-13 04:00:00+00:00,100000.0
2025-09-13 08:00:00+00:00,100000.0
2025-09-13 12:00:00+00:00,100000.0
2025-09-13 16:00:00+00:00,100000.0
2025-09-13 20:00:00+00:00,100000.0
2025-09-14 00:00:00+00:00,100000.0
2025-09-14 04:00:00+00:00,100000.0
2025-09-14 08:00:00+00:00,100000.0
2025-09-14 12:00:00+00:00,100000.0
2025-09-14 16:00:00+00:00,100000.0
2025-09-14 20:00:00+00:00,100000.0
2025-09-15 00:00:00+00:00,100000.0
2025-09-15 04:00:00+00:00,100000.0
2025-09-15 08:00:00+00:00,100000.0
2025-09-15 12:00:00+00:00,100000.0
2025-09-15 16:00:00+00:00,100000.0
2025-09-15 20:00:00+00:00,100000.0
2025-09-16 00:00:00+00:00,100000.0
2025-09-16 04:00:00+00:00,100000.0
2025-09-16 08:00:00+00:00,100000.0
2025-09-16 12:00:00+00:00,100000.0
2025-09-16 16:00:00+00:00,100000.0
2025-09-16 20:00:00+00:00,100000.0
2025-09-17 00:00:00+00:00,100000.0
2025-09-17 04:00:00+00:00,100000.0
2025-09-17 08:00:00+00:00,100000.0
2025-09-17 12:00:00+00:00,100000.0
2025-09-17 16:00:00+00:00,100000.0
2025-09-17 20:00:00+00:00,100000.0
2025-09-18 00:00:00+00:00,100000.0
2025-09-18 04:00:00+00:00,100000.0
2025-09-18 08:00:00+00:00,100000.0
2025-09-18 12:00:00+00:00,100000.0
2025-09-18 16:00:00+00:00,100000.0
2025-09-18 20:00:00+00:00,100000.0
2025-09-19 00:00:00+00:00,100000.0
2025-09-19 04:00:00+00:00,100000.0
2025-09-19 08:00:00+00:00,100000.0
2025-09-19 12:00:00+00:00,100000.0
2025-09-19 16:00:00+00:00,100000.0
2025-09-19 20:00:00+00:00,100000.0
2025-09-20 00:00:00+00:00,100000.0
2025-09-20 04:00:00+00:00,100000.0
2025-09-20 08:00:00+00:00,100000.0
2025-09-20 12:00:00+00:00,100000.0
2025-09-20 16:00:00+00:00,100000.0
2025-09-20 20:00:00+00:00,100000.0
2025-09-21 00:00:00+00:00,100000.0
2025-09-21 04:00:00+00:00,100000.0
2025-09-21 08:00:00+00:00,100000.0
2025-09-21 12:00:00+00:00,100000.0
2025-09-21 16:00:00+00:00,100000.0
2025-09-21 20:00:00+00:00,100000.0
2025-09-22 00:00:00+00:00,100000.0
2025-09-22 04:00:00+00:00,100000.0
2025-09-22 08:00:00+00:00,100024.67767934248
2025-09-22 12:00:00+00:00,100022.90168154739
2025-09-22 16:00:00+00:00,99961.63253261342
2025-09-22 20:00:00+00:00,100007.8514877323
2025-09-23 00:00:00+00:00,99973.5046616241
2025-09-23 04:00:00+00:00,100042.8185255705
2025-09-23 08:00:00+00:00,100031.22112121875
2025-09-23 12:00:00+00:00,100021.88950155402
2025-09-23 16:00:00+00:00,99909.86566563231
2025-09-23 20:00:00+00:00,99941.26822039584
2025-09-24 00:00:00+00:00,99919.14178536595
2025-09-24 04:00:00+00:00,99990.0838785409
2025-09-24 08:00:00+00:00,100034.65309820793
2025-09-24 12:00:00+00:00,100067.17189533565
2025-09-24 16:00:00+00:00,100072.3368576733
2025-09-24 20:00:00+00:00,100058.706074596
2025-09-25 00:00:00+00:00,99991.09397728684
2025-09-25 04:00:00+00:00,99920.94692062486
2025-09-25 08:00:00+00:00,99885.5504520698
2025-09-25 12:00:00+00:00,99899.06954153576
2025-09-25 16:00:00+00:00,99711.30009340271
2025-09-25 20:00:00+00:00,99677.85514117482
2025-09-26 00:00:00+00:00,99730.39553844559
2025-09-26 04:00:00+00:00,99704.64010167113
2025-09-26 08:00:00+00:00,99689.96661363836
2025-09-26 12:00:00+00:00,99683.83109625564
2025-09-26 16:00:00+00:00,99693.78709014521
2025-09-26 20:00:00+00:00,99737.84987294099
2025-09-27 00:00:00+00:00,99727.08913005052
2025-09-27 04:00:00+00:00,99714.46150822779
2025-09-27 08:00:00+00:00,99705.39836947974
2025-09-27 12:00:00+00:00,99712.74239786208
2025-09-27 16:00:00+00:00,99715.45495699442
2025-09-27 20:00:00+00:00,99733.06508513134
2025-09-28 00:00:00+00:00,99717.47584823547
2025-09-28 04:00:00+00:00,99722.08511751304
2025-09-28 08:00:00+00:00,99712.79928529145
2025-09-28 12:00:00+00:00,99768.57879729084
2025-09-28 16:00:00+00:00,99794.22045920655
2025-09-28 20:00:00+00:00,99951.05493949556
2025-09-29 00:00:00+00:00,99951.47757970907
2025-09-29 04:00:00+00:00,99951.47757970907
2025-09-29 08:00:00+00:00,99951.47757970907
2025-09-29 12:00:00+00:00,99951.47757970907
2025-09-29 16:00:00+00:00,99951.47757970907
2025-09-29 20:00:00+00:00,99951.47757970907
2025-09-30 00:00:00+00:00,99951.47757970907
2025-09-30 04:00:00+00:00,99951.47757970907
2025-09-30 08:00:00+00:00,99951.47757970907
2025-09-30 12:00:00+00:00,99951.47757970907
2025-09-30 16:00:00+00:00,99951.47757970907
2025-09-30 20:00:00+00:00,99951.47757970907
2025-10-01 00:00:00+00:00,99951.47757970907
2025-10-01 04:00:00+00:00,99951.47757970907
2025-10-01 08:00:00+00:00,99951.47757970907
2025-10-01 12:00:00+00:00,99951.47757970907
2025-10-01 16:00:00+00:00,99951.47757970907
2025-10-01 20:00:00+00:00,99951.47757970907
2025-10-02 00:00:00+00:00,99951.47757970907
2025-10-02 04:00:00+00:00,99951.47757970907
2025-10-02 08:00:00+00:00,99951.47757970907
2025-10-02 12:00:00+00:00,99951.47757970907
2025-10-02 16:00:00+00:00,99951.47757970907
2025-10-02 20:00:00+00:00,99951.47757970907
2025-10-03 00:00:00+00:00,99951.47757970907
2025-10-03 04:00:00+00:00,99951.47757970907
2025-10-03 08:00:00+00:00,99951.47757970907
2025-10-03 12:00:00+00:00,99951.47757970907
2025-10-03 16:00:00+00:00,99951.47757970907
2025-10-03 20:00:00+00:00,99951.47757970907
2025-10-04 00:00:00+00:00,99951.47757970907
2025-10-04 04:00:00+00:00,99951.47757970907
2025-10-04 08:00:00+00:00,99951.47757970907
2025-10-04 12:00:00+00:00,99951.47757970907
2025-10-04 16:00:00+00:00,99951.47757970907
2025-10-04 20:00:00+00:00,99951.47757970907
2025-10-05 00:00:00+00:00,99951.47757970907
2025-10-05 04:00:00+00:00,99951.47757970907
2025-10-05 08:00:00+00:00,99951.47757970907
2025-10-05 12:00:00+00:00,99951.47757970907
2025-10-05 16:00:00+00:00,99951.47757970907
2025-10-05 20:00:00+00:00,99951.47757970907
2025-10-06 00:00:00+00:00,99951.47757970907
2025-10-06 04:00:00+00:00,99951.47757970907
2025-10-06 08:00:00+00:00,99951.47757970907
2025-10-06 12:00:00+00:00,99951.47757970907
2025-10-06 16:00:00+00:00,99951.47757970907
2025-10-06 20:00:00+00:00,99951.47757970907
2025-10-07 00:00:00+00:00,99951.47757970907
2025-10-07 04:00:00+00:00,99951.47757970907
2025-10-07 08:00:00+00:00,99951.47757970907
2025-10-07 12:00:00+00:00,99951.47757970907
2025-10-07 16:00:00+00:00,99951.47757970907
2025-10-07 20:00:00+00:00,99951.47757970907
2025-10-08 00:00:00+00:00,99951.47757970907
2025-10-08 04:00:00+00:00,99951.47757970907
2025-10-08 08:00:00+00:00,99951.47757970907
2025-10-08 12:00:00+00:00,99951.47757970907
2025-10-08 16:00:00+00:00,99951.47757970907
2025-10-08 20:00:00+00:00,99951.47757970907
2025-10-09 00:00:00+00:00,99951.47757970907
2025-10-09 04:00:00+00:00,99951.47757970907
2025-10-09 08:00:00+00:00,99951.47757970907
2025-10-09 12:00:00+00:00,99951.47757970907
2025-10-09 16:00:00+00:00,99951.47757970907
2025-10-09 20:00:00+00:00,99951.47757970907
2025-10-10 00:00:00+00:00,99951.47757970907
2025-10-10 04:00:00+00:00,99951.47757970907
2025-10-10 08:00:00+00:00,99951.47757970907
2025-10-10 12:00:00+00:00,99951.47757970907
2025-10-10 16:00:00+00:00,99951.47757970907
2025-10-10 20:00:00+00:00,99650.13598656416
2025-10-11 00:00:00+00:00,99580.67777907327
2025-10-11 04:00:00+00:00,99400.40067138897
2025-10-11 08:00:00+00:00,99574.3570092545
2025-10-11 12:00:00+00:00,99542.11813892856
2025-10-11 16:00:00+00:00,99477.93549244247
2025-10-11 20:00:00+00:00,99442.43987992851
2025-10-12 00:00:00+00:00,99439.47488616746
2025-10-12 04:00:00+00:00,99512.75526571051
2025-10-12 08:00:00+00:00,99533.13884502657
2025-10-12 12:00:00+00:00,99659.23371962112
2025-10-12 16:00:00+00:00,99750.4144711123
2025-10-12 20:00:00+00:00,99815.03540938659
2025-10-13 00:00:00+00:00,99793.74111995795
2025-10-13 04:00:00+00:00,99837.46055854355
2025-10-13 08:00:00+00:00,99748.2825663227
2025-10-13 12:00:00+00:00,99758.60818553438
2025-10-13 16:00:00+00:00,99877.5150748025
2025-10-13 20:00:00+00:00,99873.44372967773
2025-10-14 00:00:00+00:00,99873.44372967773
2025-10-14 04:00:00+00:00,99873.44372967773
2025-10-14 08:00:00+00:00,99873.44372967773
2025-10-14 12:00:00+00:00,99873.44372967773
2025-10-14 16:00:00+00:00,99873.44372967773
2025-10-14 20:00:00+00:00,99873.44372967773
2025-10-15 00:00:00+00:00,99873.44372967773
2025-10-15 04:00:00+00:00,99873.44372967773
2025-10-15 08:00:00+00:00,99873.44372967773
2025-10-15 12:00:00+00:00,99873.44372967773
2025-10-15 16:00:00+00:00,99873.44372967773
2025-10-15 20:00:00+00:00,99873.44372967773
2025-10-16 00:00:00+00:00,99873.44372967773
2025-10-16 04:00:00+00:00,99873.44372967773
2025-10-16 08:00:00+00:00,99873.44372967773
2025-10-16 12:00:00+00:00,99873.44372967773
2025-10-16 16:00:00+00:00,99873.44372967773
2025-10-16 20:00:00+00:00,99873.44372967773
2025-10-17 00:00:00+00:00,99873.44372967773
2025-10-17 04:00:00+00:00,99873.44372967773
2025-10-17 08:00:00+00:00,99874.36291547824
2025-10-17 12:00:00+00:00,99973.71946538583
2025-10-17 16:00:00+00:00,99951.92246561358
2025-10-17 20:00:00+00:00,99951.31514631954
2025-10-18 00:00:00+00:00,100009.99608015154
2025-10-18 04:00:00+00:00,99984.86251841835
2025-10-18 08:00:00+00:00,100001.47809457856
2025-10-18 12:00:00+00:00,99998.8921851757
2025-10-18 16:00:00+00:00,100007.43085802392
2025-10-18 20:00:00+00:00,100016.33525234483
2025-10-19 00:00:00+00:00,100028.87691294865
2025-10-19 04:00:00+00:00,99981.41587059997
2025-10-19 08:00:00+00:00,100077.75577248134
2025-10-19 12:00:00+00:00,100141.55089628093
2025-10-19 16:00:00+00:00,100185.98790229077
2025-10-19 20:00:00+00:00,100178.38051715633
2025-10-20 00:00:00+00:00,100178.38051715633
2025-10-20 04:00:00+00:00,100178.38051715633
2025-10-20 08:00:00+00:00,100178.38051715633
2025-10-20 12:00:00+00:00,100178.38051715633
2025-10-20 16:00:00+00:00,100178.38051715633
2025-10-20 20:00:00+00:00,100178.38051715633
2025-10-21 00:00:00+00:00,100178.38051715633
2025-10-21 04:00:00+00:00,100178.38051715633
2025-10-21 08:00:00+00:00,100178.38051715633
2025-10-21 12:00:00+00:00,100178.38051715633
2025-10-21 16:00:00+00:00,100178.38051715633
2025-10-21 20:00:00+00:00,100178.38051715633
2025-10-22 00:00:00+00:00,100178.38051715633
2025-10-22 04:00:00+00:00,100178.38051715633
2025-10-22 08:00:00+00:00,100178.38051715633
2025-10-22 12:00:00+00:00,100178.38051715633
2025-10-22 16:00:00+00:00,100178.38051715633
2025-10-22 20:00:00+00:00,100178.38051715633
2025-10-23 00:00:00+00:00,100178.38051715633
2025-10-23 04:00:00+00:00,100178.38051715633
2025-10-23 08:00:00+00:00,100178.38051715633
2025-10-23 12:00:00+00:00,100178.38051715633
2025-10-23 16:00:00+00:00,100178.38051715633
2025-10-23 20:00:00+00:00,100178.38051715633
2025-10-24 00:00:00+00:00,100178.38051715633
2025-10-24 04:00:00+00:00,100178.38051715633
2025-10-24 08:00:00+00:00,100178.38051715633
2025-10-24 12:00:00+00:00,100178.38051715633
2025-10-24 16:00:00+00:00,100178.38051715633
2025-10-24 20:00:00+00:00,100178.38051715633
2025-10-25 00:00:00+00:00,100178.38051715633
2025-10-25 04:00:00+00:00,100178.38051715633
2025-10-25 08:00:00+00:00,100178.38051715633
2025-10-25 12:00:00+00:00,100178.38051715633
2025-10-25 16:00:00+00:00,100178.38051715633
2025-10-25 20:00:00+00:00,100178.38051715633
2025-10-26 00:00:00+00:00,100178.38051715633
2025-10-26 04:00:00+00:00,100178.38051715633
2025-10-26 08:00:00+00:00,100178.38051715633
2025-10-26 12:00:00+00:00,100178.38051715633
2025-10-26 16:00:00+00:00,100178.38051715633
2025-10-26 20:00:00+00:00,100178.38051715633
2025-10-27 00:00:00+00:00,100178.38051715633
2025-10-27 04:00:00+00:00,100178.38051715633
2025-10-27 08:00:00+00:00,100178.38051715633
2025-10-27 12:00:00+00:00,100178.38051715633
2025-10-27 16:00:00+00:00,100178.38051715633
2025-10-27 20:00:00+00:00,100178.38051715633
2025-10-28 00:00:00+00:00,100178.38051715633
2025-10-28 04:00:00+00:00,100178.38051715633
2025-10-28 08:00:00+00:00,100178.38051715633
2025-10-28 12:00:00+00:00,100178.38051715633
2025-10-28 16:00:00+00:00,100178.38051715633
2025-10-28 20:00:00+00:00,100178.38051715633
2025-10-29 00:00:00+00:00,100178.38051715633
2025-10-29 04:00:00+00:00,100178.38051715633
2025-10-29 08:00:00+00:00,100178.38051715633
2025-10-29 12:00:00+00:00,100178.38051715633
2025-10-29 16:00:00+00:00,100178.38051715633
2025-10-29 20:00:00+00:00,100178.38051715633
2025-10-30 00:00:00+00:00,100178.38051715633
2025-10-30 04:00:00+00:00,100178.38051715633
2025-10-30 08:00:00+00:00,100178.38051715633
2025-10-30 12:00:00+00:00,100178.38051715633
2025-10-30 16:00:00+00:00,100054.0619749284
2025-10-30 20:00:00+00:00,100226.22525388937
2025-10-31 00:00:00+00:00,100311.75043594188
2025-10-31 04:00:00+00:00,100333.7849877763
2025-10-31 08:00:00+00:00,100416.53805292917
2025-10-31 12:00:00+00:00,100398.81205071001
2025-10-31 16:00:00+00:00,100366.99082202234
2025-10-31 20:00:00+00:00,100342.84812468405
2025-11-01 00:00:00+00:00,100399.75715660269
2025-11-01 04:00:00+00:00,100385.16358836448
2025-11-01 08:00:00+00:00,100389.97992354388
2025-11-01 12:00:00+00:00,100401.57545026092
2025-11-01 16:00:00+00:00,100419.55207625638
2025-11-01 20:00:00+00:00,100389.8804004791
2025-11-02 00:00:00+00:00,100383.34820048916
2025-11-02 04:00:00+00:00,100466.27488617112
2025-11-02 08:00:00+00:00,100462.69316631371
2025-11-02 12:00:00+00:00,100462.69316631371
2025-11-02 16:00:00+00:00,100462.69316631371
2025-11-02 20:00:00+00:00,100462.69316631371
2025-11-03 00:00:00+00:00,100462.69316631371
2025-11-03 04:00:00+00:00,100462.69316631371
2025-11-03 08:00:00+00:00,100462.69316631371
2025-11-03 12:00:00+00:00,100462.69316631371
2025-11-03 16:00:00+00:00,100587.3420997194
2025-11-03 20:00:00+00:00,100533.27584293215
2025-11-04 00:00:00+00:00,100589.83447370067
2025-11-04 04:00:00+00:00,100338.89293898617
2025-11-04 08:00:00+00:00,100343.28316891447
2025-11-04 12:00:00+00:00,100231.36607674243
2025-11-04 16:00:00+00:00,99954.80311563321
2025-11-04 20:00:00+00:00,100061.84753502769
2025-11-05 00:00:00+00:00,100113.05847236708
2025-11-05 04:00:00+00:00,100108.10563985456
2025-11-05 08:00:00+00:00,100101.71512765124
2025-11-05 12:00:00+00:00,100262.00045545086
2025-11-05 16:00:00+00:00,100301.6617109789
2025-11-05 20:00:00+00:00,100281.7279146671
2025-11-06 00:00:00+00:00,100261.61153229237
2025-11-06 04:00:00+00:00,100219.1899614468
2025-11-06 08:00:00+00:00,100215.76535943679
2025-11-06 12:00:00+00:00,100096.57080243857
2025-11-06 16:00:00+00:00,100053.08934176415
2025-11-06 20:00:00+00:00,100034.01206706474
2025-11-07 00:00:00+00:00,100091.71965403428
2025-11-07 04:00:00+00:00,100099.05798088147
2025-11-07 08:00:00+00:00,99941.57379048665
2025-11-07 12:00:00+00:00,99994.15931883655
2025-11-07 16:00:00+00:00,100220.02421646613
2025-11-07 20:00:00+00:00,100232.29756255138
2025-11-08 00:00:00+00:00,100158.82819658655
2025-11-08 04:00:00+00:00,100130.4575881708
2025-11-08 08:00:00+00:00,100080.51584663487
2025-11-08 12:00:00+00:00,100067.3770723
2025-11-08 16:00:00+00:00,100094.27437447608
2025-11-08 20:00:00+00:00,100128.3266752166
2025-11-09 00:00:00+00:00,100068.65665918021
2025-11-09 04:00:00+00:00,100090.94032327778
2025-11-09 08:00:00+00:00,100119.75032579624
2025-11-09 12:00:00+00:00,100268.88751267902
2025-11-09 16:00:00+00:00,100259.35522164524
2025-11-09 20:00:00+00:00,100259.35522164524
2025-11-10 00:00:00+00:00,100259.35522164524
2025-11-10 04:00:00+00:00,100259.35522164524
2025-11-10 08:00:00+00:00,100259.35522164524
2025-11-10 12:00:00+00:00,100259.35522164524
2025-11-10 16:00:00+00:00,100259.35522164524
2025-11-10 20:00:00+00:00,100259.35522164524
2025-11-11 00:00:00+00:00,100259.35522164524
2025-11-11 04:00:00+00:00,100259.35522164524
2025-11-11 08:00:00+00:00,100259.35522164524
2025-11-11 12:00:00+00:00,100259.35522164524
2025-11-11 16:00:00+00:00,100259.35522164524
2025-11-11 20:00:00+00:00,100259.35522164524
2025-11-12 00:00:00+00:00,100259.35522164524
2025-11-12 04:00:00+00:00,100259.35522164524
2025-11-12 08:00:00+00:00,100259.35522164524
2025-11-12 12:00:00+00:00,100259.35522164524
2025-11-12 16:00:00+00:00,100259.35522164524
2025-11-12 20:00:00+00:00,100259.35522164524
2025-11-13 00:00:00+00:00,100259.35522164524
2025-11-13 04:00:00+00:00,100259.35522164524
2025-11-13 08:00:00+00:00,100259.35522164524
2025-11-13 12:00:00+00:00,100259.35522164524
2025-11-13 16:00:00+00:00,100259.35522164524
2025-11-13 20:00:00+00:00,100259.35522164524
2025-11-14 00:00:00+00:00,100259.35522164524
2025-11-14 04:00:00+00:00,100259.35522164524
2025-11-14 08:00:00+00:00,100259.35522164524
2025-11-14 12:00:00+00:00,100318.4914015319
2025-11-14 16:00:00+00:00,100196.29903850013
2025-11-14 20:00:00+00:00,100071.73743208998
2025-11-15 00:00:00+00:00,100271.21485619493
2025-11-15 04:00:00+00:00,100265.098315194
2025-11-15 08:00:00+00:00,100196.85449535267
2025-11-15 12:00:00+00:00,100265.62445174348
2025-11-15 16:00:00+00:00,100234.69153200778
2025-11-15 20:00:00+00:00,100189.40225165647
2025-11-16 00:00:00+00:00,100201.78030626793
2025-11-16 04:00:00+00:00,100236.40432637862
2025-11-16 08:00:00+00:00,100192.01583089375
2025-11-16 12:00:00+00:00,100068.18397424882
2025-11-16 16:00:00+00:00,100021.5508466736
2025-11-16 20:00:00+00:00,100046.75979168834
2025-11-17 00:00:00+00:00,100172.81184683772
2025-11-17 04:00:00+00:00,100138.52338130659
2025-11-21 08:00:00+00:00,98800.75360466546
2025-11-21 12:00:00+00:00,98862.04606932131
2025-11-21 16:00:00+00:00,99001.41035651599
2025-11-21 20:00:00+00:00,99099.92901817973
2025-11-22 00:00:00+00:00,99027.75383436884
2025-11-22 04:00:00+00:00,99039.45915091547
2025-11-22 08:00:00+00:00,98999.54444500692
2025-11-22 12:00:00+00:00,99005.95093122707
2025-11-22 16:00:00+00:00,99048.84001899119
2025-11-22 20:00:00+00:00,99053.0214199897
2025-11-23 00:00:00+00:00,99214.15603221163
2025-11-23 04:00:00+00:00,99161.73784595072
2025-11-23 08:00:00+00:00,99219.34898366594
2025-11-23 12:00:00+00:00,99308.46723038526
2025-11-23 16:00:00+00:00,99332.19142783078
2025-11-23 20:00:00+00:00,99277.17595138984
2025-11-24 00:00:00+00:00,99334.03127684824
2025-11-24 04:00:00+00:00,99295.80248836603
2025-11-24 08:00:00+00:00,99221.6066470021
2025-11-24 12:00:00+00:00,99250.12145618763
2025-11-24 16:00:00+00:00,99426.8039735637
2025-11-24 20:00:00+00:00,99429.63989843258
2025-11-25 00:00:00+00:00,99378.307377838
2025-11-25 04:00:00+00:00,99337.92354708038
2025-11-25 08:00:00+00:00,99336.13989531047
2025-11-25 12:00:00+00:00,99292.71815537395
2025-11-25 16:00:00+00:00,99279.3106323437
2025-11-25 20:00:00+00:00,99334.18113617502
2025-11-26 00:00:00+00:00,99304.72726283848
2025-11-26 04:00:00+00:00,99394.0808864352
2025-11-26 08:00:00+00:00,99301.40266625183
2025-11-26 12:00:00+00:00,99287.43968636903
2025-11-26 16:00:00+00:00,99609.83596545951
2025-11-26 20:00:00+00:00,99594.76238594386
2025-11-27 00:00:00+00:00,99594.76238594386
2025-11-27 04:00:00+00:00,99594.76238594386
2025-11-27 08:00:00+00:00,99594.76238594386
2025-11-27 12:00:00+00:00,99594.76238594386
2025-11-27 16:00:00+00:00,99594.76238594386
2025-11-27 20:00:00+00:00,99594.76238594386
2025-11-28 00:00:00+00:00,99594.76238594386
2025-11-28 04:00:00+00:00,99594.76238594386
2025-11-28 08:00:00+00:00,99594.76238594386
2025-11-28 12:00:00+00:00,99594.76238594386
2025-11-28 16:00:00+00:00,99594.76238594386
2025-11-28 20:00:00+00:00,99594.76238594386
2025-11-29 16:00:00+00:00,99594.76238594386
2025-12-01 04:00:00+00:00,99594.76238594386
2025-12-01 08:00:00+00:00,99594.76238594386
2025-12-01 12:00:00+00:00,99594.76238594386
2025-12-01 16:00:00+00:00,99632.51025753551
2025-12-01 20:00:00+00:00,99784.10199157617
2025-12-02 00:00:00+00:00,99858.62188959343
2025-12-02 04:00:00+00:00,99867.6350001315
2025-12-02 08:00:00+00:00,99910.29748552403
2025-12-02 12:00:00+00:00,100328.21615987779
2025-12-02 16:00:00+00:00,100318.41638369816
2025-12-02 20:00:00+00:00,100318.41638369816
2025-12-03 00:00:00+00:00,100318.41638369816
2025-12-03 04:00:00+00:00,100318.41638369816
2025-12-03 08:00:00+00:00,100318.41638369816
2025-12-03 12:00:00+00:00,100318.41638369816
2025-12-03 16:00:00+00:00,100318.41638369816
2025-12-03 20:00:00+00:00,100318.41638369816
2025-12-04 00:00:00+00:00,100318.41638369816
2025-12-04 04:00:00+00:00,100318.41638369816
2025-12-04 08:00:00+00:00,100318.41638369816
2025-12-04 12:00:00+00:00,100318.41638369816
2025-12-04 16:00:00+00:00,100318.41638369816
2025-12-04 20:00:00+00:00,100318.41638369816
2025-12-05 00:00:00+00:00,100318.41638369816
2025-12-05 04:00:00+00:00,100318.41638369816
2025-12-05 08:00:00+00:00,100318.41638369816
2025-12-05 12:00:00+00:00,100318.41638369816
2025-12-05 16:00:00+00:00,100318.41638369816
2025-12-05 20:00:00+00:00,100318.41638369816
2025-12-06 00:00:00+00:00,100318.41638369816
2025-12-06 04:00:00+00:00,100318.41638369816
2025-12-06 08:00:00+00:00,100318.41638369816
2025-12-06 12:00:00+00:00,100318.41638369816
2025-12-06 16:00:00+00:00,100318.41638369816
2025-12-06 20:00:00+00:00,100318.41638369816
2025-12-07 00:00:00+00:00,100318.41638369816
2025-12-07 04:00:00+00:00,100318.41638369816
2025-12-07 08:00:00+00:00,100318.41638369816
2025-12-07 12:00:00+00:00,100318.41638369816
2025-12-07 16:00:00+00:00,100318.41638369816
2025-12-07 20:00:00+00:00,100318.41638369816
2025-12-08 00:00:00+00:00,100318.41638369816
2025-12-08 04:00:00+00:00,100318.41638369816
2025-12-08 08:00:00+00:00,100318.41638369816
2025-12-08 12:00:00+00:00,100318.41638369816
2025-12-08 16:00:00+00:00,100318.41638369816
2025-12-08 20:00:00+00:00,100318.41638369816
2025-12-09 00:00:00+00:00,100318.41638369816
2025-12-09 04:00:00+00:00,100318.41638369816
2025-12-09 08:00:00+00:00,100318.41638369816
2025-12-09 12:00:00+00:00,100318.41638369816
2025-12-09 16:00:00+00:00,100318.41638369816
2025-12-09 20:00:00+00:00,100318.41638369816
2025-12-10 00:00:00+00:00,100318.41638369816
2025-12-10 04:00:00+00:00,100318.41638369816
2025-12-10 08:00:00+00:00,100318.41638369816
2025-12-10 12:00:00+00:00,100318.41638369816
2025-12-10 16:00:00+00:00,100318.41638369816
2025-12-10 20:00:00+00:00,100318.41638369816
2025-12-11 00:00:00+00:00,100318.41638369816
2025-12-11 04:00:00+00:00,100318.41638369816
2025-12-11 08:00:00+00:00,100318.41638369816
2025-12-11 12:00:00+00:00,100318.41638369816
2025-12-11 16:00:00+00:00,100318.41638369816
2025-12-11 20:00:00+00:00,100318.41638369816
2025-12-12 00:00:00+00:00,100318.41638369816
2025-12-12 04:00:00+00:00,100318.41638369816
2025-12-12 08:00:00+00:00,100318.41638369816
2025-12-12 12:00:00+00:00,100318.41638369816
2025-12-12 16:00:00+00:00,100318.41638369816
2025-12-12 20:00:00+00:00,100318.41638369816
2025-12-13 00:00:00+00:00,100318.41638369816
2025-12-13 04:00:00+00:00,100318.41638369816
2025-12-13 08:00:00+00:00,100318.41638369816
2025-12-13 12:00:00+00:00,100318.41638369816
2025-12-13 16:00:00+00:00,100318.41638369816
2025-12-13 20:00:00+00:00,100318.41638369816
2025-12-14 00:00:00+00:00,100318.41638369816
2025-12-14 04:00:00+00:00,100318.41638369816
2025-12-14 08:00:00+00:00,100318.41638369816
2025-12-14 12:00:00+00:00,100318.41638369816
2025-12-14 16:00:00+00:00,100318.41638369816
2025-12-14 20:00:00+00:00,100318.41638369816
2025-12-15 00:00:00+00:00,100318.41638369816
2025-12-15 04:00:00+00:00,100318.41638369816
2025-12-15 08:00:00+00:00,100318.41638369816
2025-12-15 12:00:00+00:00,100318.41638369816
2025-12-15 16:00:00+00:00,100318.41638369816
2025-12-15 20:00:00+00:00,100345.13674446658
2025-12-16 00:00:00+00:00,100277.0845693954
2025-12-16 04:00:00+00:00,100300.61044030258
2025-12-16 08:00:00+00:00,100444.90608749246
2025-12-16 12:00:00+00:00,100514.41475596359
2025-12-16 16:00:00+00:00,100483.80565107019
2025-12-16 20:00:00+00:00,100511.12331741207
2025-12-17 00:00:00+00:00,100433.98830030154
2025-12-17 04:00:00+00:00,100416.19106083683
2025-12-17 08:00:00+00:00,100406.94537537552
2025-12-17 12:00:00+00:00,100447.5943685648
2025-12-17 16:00:00+00:00,100293.27065969627
2025-12-17 20:00:00+00:00,100312.78548787996
2025-12-18 00:00:00+00:00,100360.54773646843
2025-12-18 04:00:00+00:00,100385.91219148635
2025-12-18 08:00:00+00:00,100438.10032414147
2025-12-18 12:00:00+00:00,100587.34768499521
2025-12-18 16:00:00+00:00,100573.78457849266
2025-12-18 20:00:00+00:00,100573.78457849266
2025-12-19 00:00:00+00:00,100573.78457849266
2025-12-19 04:00:00+00:00,100573.78457849266
2025-12-19 08:00:00+00:00,100573.78457849266
2025-12-19 12:00:00+00:00,100573.78457849266
2025-12-19 16:00:00+00:00,100573.78457849266
2025-12-19 20:00:00+00:00,100573.78457849266
2025-12-20 00:00:00+00:00,100573.78457849266
2025-12-20 04:00:00+00:00,100573.78457849266
2025-12-20 08:00:00+00:00,100573.78457849266
2025-12-20 12:00:00+00:00,100573.78457849266
2025-12-20 16:00:00+00:00,100573.78457849266
2025-12-20 20:00:00+00:00,100573.78457849266
2025-12-21 00:00:00+00:00,100573.78457849266
2025-12-21 04:00:00+00:00,100573.78457849266
2025-12-21 08:00:00+00:00,100573.78457849266
2025-12-21 12:00:00+00:00,100573.78457849266
2025-12-21 16:00:00+00:00,100573.78457849266
2025-12-21 20:00:00+00:00,100573.78457849266
2025-12-22 00:00:00+00:00,100573.78457849266
2025-12-22 04:00:00+00:00,100573.78457849266
2025-12-22 08:00:00+00:00,100573.78457849266
2025-12-22 12:00:00+00:00,100573.78457849266
2025-12-22 16:00:00+00:00,100573.78457849266
2025-12-22 20:00:00+00:00,100573.78457849266
2025-12-23 00:00:00+00:00,100573.78457849266
2025-12-23 04:00:00+00:00,100573.78457849266
2025-12-23 08:00:00+00:00,100573.78457849266
2025-12-23 12:00:00+00:00,100573.78457849266
2025-12-23 16:00:00+00:00,100573.78457849266
2025-12-23 20:00:00+00:00,100573.78457849266
2025-12-24 00:00:00+00:00,100573.78457849266
2025-12-24 04:00:00+00:00,100573.78457849266
2025-12-24 08:00:00+00:00,100573.78457849266
2025-12-24 12:00:00+00:00,100573.78457849266
2025-12-24 16:00:00+00:00,100573.78457849266
2025-12-24 20:00:00+00:00,100573.78457849266
2025-12-25 00:00:00+00:00,100573.78457849266
2025-12-25 04:00:00+00:00,100573.78457849266
2025-12-25 08:00:00+00:00,100573.78457849266
2025-12-25 12:00:00+00:00,100573.78457849266
2025-12-25 16:00:00+00:00,100573.78457849266
2025-12-25 20:00:00+00:00,100573.78457849266
2025-12-26 00:00:00+00:00,100573.78457849266
2025-12-26 04:00:00+00:00,100573.78457849266
2025-12-26 08:00:00+00:00,100573.78457849266
2025-12-26 12:00:00+00:00,100573.78457849266
2025-12-26 16:00:00+00:00,100573.78457849266
2025-12-26 20:00:00+00:00,100573.78457849266
2025-12-27 00:00:00+00:00,100573.78457849266
2025-12-27 04:00:00+00:00,100573.78457849266
2025-12-27 08:00:00+00:00,100573.78457849266
2025-12-27 12:00:00+00:00,100573.78457849266
2025-12-27 16:00:00+00:00,100573.78457849266
2025-12-27 20:00:00+00:00,100573.78457849266
2025-12-28 00:00:00+00:00,100573.78457849266
2025-12-28 04:00:00+00:00,100573.78457849266
2025-12-28 08:00:00+00:00,100573.78457849266
2025-12-28 12:00:00+00:00,100573.78457849266
2025-12-28 16:00:00+00:00,100573.78457849266
2025-12-28 20:00:00+00:00,100573.78457849266
2025-12-29 00:00:00+00:00,100573.78457849266
2025-12-29 04:00:00+00:00,100573.78457849266
2025-12-29 08:00:00+00:00,100573.78457849266
2025-12-29 12:00:00+00:00,100573.78457849266
2025-12-29 16:00:00+00:00,100573.78457849266
2025-12-29 20:00:00+00:00,100573.78457849266
2025-12-30 00:00:00+00:00,100573.78457849266
2025-12-30 04:00:00+00:00,100573.78457849266
2025-12-30 08:00:00+00:00,100573.78457849266
2025-12-30 12:00:00+00:00,100573.78457849266
2025-12-30 16:00:00+00:00,100573.78457849266
2025-12-30 20:00:00+00:00,100573.78457849266
2025-12-31 00:00:00+00:00,100573.78457849266
2025-12-31 04:00:00+00:00,100573.78457849266
2025-12-31 08:00:00+00:00,100573.78457849266
2025-12-31 12:00:00+00:00,100573.78457849266
2025-12-31 16:00:00+00:00,100573.78457849266
2025-12-31 20:00:00+00:00,100573.78457849266
2026-01-01 00:00:00+00:00,100573.78457849266
2026-01-01 04:00:00+00:00,100573.78457849266
2026-01-01 08:00:00+00:00,100573.78457849266
2026-01-01 12:00:00+00:00,100573.78457849266
2026-01-01 16:00:00+00:00,100573.78457849266
2026-01-01 20:00:00+00:00,100573.78457849266
2026-01-02 00:00:00+00:00,100573.78457849266
2026-01-02 04:00:00+00:00,100573.78457849266
2026-01-02 08:00:00+00:00,100573.78457849266
2026-01-02 12:00:00+00:00,100573.78457849266
2026-01-02 16:00:00+00:00,100573.78457849266
2026-01-02 20:00:00+00:00,100573.78457849266
2026-01-03 00:00:00+00:00,100573.78457849266
2026-01-03 04:00:00+00:00,100573.78457849266
2026-01-03 08:00:00+00:00,100573.78457849266
2026-01-03 12:00:00+00:00,100573.78457849266
2026-01-03 16:00:00+00:00,100573.78457849266
2026-01-03 20:00:00+00:00,100573.78457849266
2026-01-04 00:00:00+00:00,100573.78457849266
2026-01-04 04:00:00+00:00,100573.78457849266
2026-01-04 08:00:00+00:00,100573.78457849266
2026-01-04 12:00:00+00:00,100573.78457849266
2026-01-04 16:00:00+00:00,100573.78457849266
2026-01-04 20:00:00+00:00,100573.78457849266
2026-01-05 00:00:00+00:00,100573.78457849266
2026-01-05 04:00:00+00:00,100573.78457849266
2026-01-05 08:00:00+00:00,100573.78457849266
2026-01-05 12:00:00+00:00,100573.78457849266
2026-01-05 16:00:00+00:00,100573.78457849266
2026-01-05 20:00:00+00:00,100573.78457849266
2026-01-06 00:00:00+00:00,100573.78457849266
2026-01-06 04:00:00+00:00,100573.78457849266
2026-01-06 08:00:00+00:00,100573.78457849266
2026-01-06 12:00:00+00:00,100573.78457849266
2026-01-06 16:00:00+00:00,100573.78457849266
2026-01-06 20:00:00+00:00,100573.78457849266
2026-01-07 00:00:00+00:00,100573.78457849266
2026-01-07 04:00:00+00:00,100573.78457849266
2026-01-07 08:00:00+00:00,100573.78457849266
2026-01-07 12:00:00+00:00,100573.78457849266
2026-01-07 16:00:00+00:00,100573.78457849266
2026-01-07 20:00:00+00:00,100573.78457849266
2026-01-08 00:00:00+00:00,100573.78457849266
2026-01-08 04:00:00+00:00,100573.78457849266
2026-01-08 08:00:00+00:00,100573.78457849266
2026-01-08 12:00:00+00:00,100573.78457849266
2026-01-08 16:00:00+00:00,100573.78457849266
2026-01-08 20:00:00+00:00,100573.78457849266
2026-01-09 00:00:00+00:00,100573.78457849266
2026-01-09 04:00:00+00:00,100573.78457849266
2026-01-09 08:00:00+00:00,100573.78457849266
2026-01-09 12:00:00+00:00,100573.78457849266
2026-01-09 16:00:00+00:00,100573.78457849266
2026-01-09 20:00:00+00:00,100573.78457849266
2026-01-10 00:00:00+00:00,100573.78457849266
2026-01-10 04:00:00+00:00,100573.78457849266
2026-01-10 08:00:00+00:00,100573.78457849266
2026-01-10 12:00:00+00:00,100573.78457849266
2026-01-10 16:00:00+00:00,100573.78457849266
2026-01-10 20:00:00+00:00,100573.78457849266
2026-01-11 00:00:00+00:00,100573.78457849266
2026-01-11 04:00:00+00:00,100573.78457849266
2026-01-11 08:00:00+00:00,100573.78457849266
2026-01-11 12:00:00+00:00,100573.78457849266
2026-01-11 16:00:00+00:00,100573.78457849266
2026-01-11 20:00:00+00:00,100573.78457849266
2026-01-12 00:00:00+00:00,100573.78457849266
2026-01-12 04:00:00+00:00,100573.78457849266
2026-01-12 08:00:00+00:00,100573.78457849266
2026-01-12 12:00:00+00:00,100573.78457849266
2026-01-12 16:00:00+00:00,100573.78457849266
2026-01-12 20:00:00+00:00,100573.78457849266
2026-01-13 00:00:00+00:00,100573.78457849266
2026-01-13 04:00:00+00:00,100573.78457849266
2026-01-13 08:00:00+00:00,100573.78457849266
2026-01-13 12:00:00+00:00,100573.78457849266
2026-01-13 16:00:00+00:00,100573.78457849266
2026-01-13 20:00:00+00:00,100573.78457849266
2026-01-14 00:00:00+00:00,100573.78457849266
2026-01-14 04:00:00+00:00,100573.78457849266
2026-01-14 08:00:00+00:00,100573.78457849266
2026-01-14 12:00:00+00:00,100573.78457849266
2026-01-14 16:00:00+00:00,100573.78457849266
2026-01-14 20:00:00+00:00,100573.78457849266
2026-01-15 00:00:00+00:00,100573.78457849266
2026-01-15 04:00:00+00:00,100573.78457849266
2026-01-15 08:00:00+00:00,100573.78457849266
2026-01-15 12:00:00+00:00,100573.78457849266
2026-01-15 16:00:00+00:00,100573.78457849266
2026-01-15 20:00:00+00:00,100573.78457849266
2026-01-16 00:00:00+00:00,100573.78457849266
2026-01-16 04:00:00+00:00,100573.78457849266
2026-01-16 08:00:00+00:00,100573.78457849266
2026-01-16 12:00:00+00:00,100573.78457849266
2026-01-16 16:00:00+00:00,100573.78457849266
2026-01-16 20:00:00+00:00,100573.78457849266
2026-01-17 00:00:00+00:00,100573.78457849266
2026-01-17 04:00:00+00:00,100573.78457849266
2026-01-17 08:00:00+00:00,100573.78457849266
2026-01-17 12:00:00+00:00,100573.78457849266
2026-01-17 16:00:00+00:00,100573.78457849266
2026-01-17 20:00:00+00:00,100573.78457849266
2026-01-18 00:00:00+00:00,100573.78457849266
2026-01-18 04:00:00+00:00,100573.78457849266
2026-01-18 08:00:00+00:00,100573.78457849266
2026-01-18 12:00:00+00:00,100573.78457849266
2026-01-18 16:00:00+00:00,100573.78457849266
2026-01-18 20:00:00+00:00,100573.78457849266
2026-01-19 00:00:00+00:00,100573.78457849266
2026-01-19 04:00:00+00:00,100573.78457849266
2026-01-19 08:00:00+00:00,100573.78457849266
2026-01-19 12:00:00+00:00,100573.78457849266
2026-01-19 16:00:00+00:00,100573.78457849266
2026-01-19 20:00:00+00:00,100573.78457849266
2026-01-20 00:00:00+00:00,100573.78457849266
2026-01-20 04:00:00+00:00,100573.78457849266
2026-01-20 08:00:00+00:00,100573.75592251027
2026-01-20 12:00:00+00:00,100494.56810694827
2026-01-20 16:00:00+00:00,100402.74667208691
2026-01-20 20:00:00+00:00,100262.40724022481
2026-01-21 00:00:00+00:00,100371.63181341378
2026-01-21 04:00:00+00:00,100342.23674152949
2026-01-21 08:00:00+00:00,100302.21935565757
2026-01-21 12:00:00+00:00,100473.49597514037
2026-01-21 16:00:00+00:00,100474.32913162885
2026-01-21 20:00:00+00:00,100378.54718476429
2026-01-22 00:00:00+00:00,100425.79560997305
2026-01-22 04:00:00+00:00,100415.50362614596
2026-01-22 08:00:00+00:00,100431.02569376821
2026-01-22 12:00:00+00:00,100330.4690529904
2026-01-22 16:00:00+00:00,100417.25877464912
2026-01-22 20:00:00+00:00,100387.76796739192
2026-01-23 00:00:00+00:00,100425.82838424486
2026-01-23 04:00:00+00:00,100385.13136347343
2026-01-23 08:00:00+00:00,100343.0052119552
2026-01-23 12:00:00+00:00,100395.24050136309
2026-01-23 16:00:00+00:00,100431.0817550226
2026-01-23 20:00:00+00:00,100392.6366717164
2026-01-24 00:00:00+00:00,100408.23291269063
2026-01-24 04:00:00+00:00,100388.79086966453
2026-01-24 08:00:00+00:00,100388.35531684187
2026-01-24 12:00:00+00:00,100352.60634863192
2026-01-24 16:00:00+00:00,100356.87217885138
2026-01-24 20:00:00+00:00,100348.32499375739
2026-01-25 00:00:00+00:00,100318.99805785922
2026-01-25 04:00:00+00:00,100283.03691936338
2026-01-25 08:00:00+00:00,100274.5880570848
2026-01-25 12:00:00+00:00,100262.82899335408
2026-01-25 16:00:00+00:00,100048.44558164146
2026-01-25 20:00:00+00:00,100068.10928224264
2026-01-26 00:00:00+00:00,100129.23847404098
2026-01-26 04:00:00+00:00,100215.7763512953
2026-01-26 08:00:00+00:00,100200.03003865544
2026-01-26 12:00:00+00:00,100179.986846486
2026-01-26 16:00:00+00:00,100217.52632491343
2026-01-26 20:00:00+00:00,100254.78635954969
2026-01-27 00:00:00+00:00,100297.12036894962
2026-01-27 04:00:00+00:00,100249.03533732904
2026-01-27 08:00:00+00:00,100215.40720949709
2026-01-27 12:00:00+00:00,100216.29297731663
2026-01-27 16:00:00+00:00,100258.61836190819
2026-01-27 20:00:00+00:00,100348.2456455204
2026-01-28 00:00:00+00:00,100344.21363494496
2026-01-28 04:00:00+00:00,100344.21363494496
2026-01-28 08:00:00+00:00,100344.21363494496
2026-01-28 12:00:00+00:00,100344.21363494496
2026-01-28 16:00:00+00:00,100344.21363494496
2026-01-28 20:00:00+00:00,100344.21363494496
2026-01-29 00:00:00+00:00,100344.21363494496
2026-01-29 04:00:00+00:00,100344.21363494496
2026-01-29 08:00:00+00:00,100344.21363494496
2026-01-29 12:00:00+00:00,100344.21363494496
2026-01-29 16:00:00+00:00,100228.6266553043
2026-01-29 20:00:00+00:00,100311.43561729336
2026-01-30 00:00:00+00:00,100077.00821902223
2026-01-30 04:00:00+00:00,100092.30660919556
2026-01-30 08:00:00+00:00,100133.10508978166
2026-01-30 12:00:00+00:00,100099.43624329132
2026-01-30 16:00:00+00:00,100270.1277450596
2026-01-30 20:00:00+00:00,100259.81510653025
2026-01-31 00:00:00+00:00,100232.5510973085
2026-01-31 04:00:00+00:00,100175.0055573805
2026-01-31 08:00:00+00:00,100107.98866095468
2026-01-31 12:00:00+00:00,99904.9327620878
2026-01-31 16:00:00+00:00,99513.62845259468
2026-01-31 20:00:00+00:00,99608.93276396631
2026-02-01 00:00:00+00:00,99629.90379869509
2026-02-01 04:00:00+00:00,99567.33830115038
2026-02-01 08:00:00+00:00,99614.44085005845
2026-02-01 12:00:00+00:00,99493.67897461848
2026-02-01 16:00:00+00:00,99418.62829703445
2026-02-01 20:00:00+00:00,99412.82345101691
2026-02-02 00:00:00+00:00,99321.97238749788
2026-02-02 04:00:00+00:00,99372.73497548598
2026-02-02 08:00:00+00:00,99493.08268131042
2026-02-02 12:00:00+00:00,99629.85387646464
2026-02-02 16:00:00+00:00,99587.3108912703
2026-02-02 20:00:00+00:00,99616.90645355085
2026-02-03 00:00:00+00:00,99619.94893615058
2026-02-03 04:00:00+00:00,99614.60355955026
2026-02-03 08:00:00+00:00,99539.3920214459
2026-02-03 12:00:00+00:00,99545.47236421664
2026-02-03 16:00:00+00:00,99172.66146764514
2026-02-03 20:00:00+00:00,99255.58321689558
2026-02-04 00:00:00+00:00,99371.6736658462
2026-02-04 04:00:00+00:00,99345.76957516113
2026-02-04 08:00:00+00:00,99299.20969938768
2026-02-04 12:00:00+00:00,99070.36896849734
2026-02-04 16:00:00+00:00,99035.81538914527
2026-02-04 20:00:00+00:00,98948.25549489244
2026-02-05 00:00:00+00:00,98716.04316447575
2026-02-05 04:00:00+00:00,98648.6555492646
2026-02-05 08:00:00+00:00,98608.04936171428
2026-02-05 12:00:00+00:00,98268.46540744514
2026-02-05 16:00:00+00:00,98012.6620496872
2026-02-05 20:00:00+00:00,97724.85484427275
2026-02-06 00:00:00+00:00,97887.03090780762
2026-02-06 04:00:00+00:00,97973.12318093402
2026-02-06 08:00:00+00:00,98175.05259391583
2026-02-06 12:00:00+00:00,98425.21104169078
2026-02-06 16:00:00+00:00,98675.64498621892
2026-02-06 20:00:00+00:00,98653.70046799653
2026-02-07 00:00:00+00:00,98682.09512328923
2026-02-07 04:00:00+00:00,98368.5881385402
2026-02-07 08:00:00+00:00,98343.89419970049
2026-02-07 12:00:00+00:00,98476.66884296207
2026-02-07 16:00:00+00:00,98500.93659387153
2026-02-07 20:00:00+00:00,98503.40774427843
2026-02-08 00:00:00+00:00,98476.14465954243
2026-02-08 04:00:00+00:00,98545.64842263288
2026-02-08 08:00:00+00:00,98695.37998350136
2026-02-08 12:00:00+00:00,98693.12977066396
2026-02-08 16:00:00+00:00,98693.12977066396
2026-02-08 20:00:00+00:00,98693.12977066396
2026-02-09 00:00:00+00:00,98693.12977066396
2026-02-09 04:00:00+00:00,98693.12977066396
2026-02-09 08:00:00+00:00,98693.12977066396
2026-02-09 12:00:00+00:00,98693.12977066396
2026-02-09 16:00:00+00:00,98693.12977066396
2026-02-09 20:00:00+00:00,98693.12977066396
2026-02-10 00:00:00+00:00,98693.12977066396
2026-02-10 04:00:00+00:00,98693.12977066396
2026-02-10 08:00:00+00:00,98693.12977066396
2026-02-10 12:00:00+00:00,98693.12977066396
2026-02-10 16:00:00+00:00,98693.12977066396
2026-02-10 20:00:00+00:00,98693.12977066396
2026-02-11 00:00:00+00:00,98693.12977066396
2026-02-11 04:00:00+00:00,98693.12977066396
2026-02-11 08:00:00+00:00,98693.12977066396
2026-02-11 12:00:00+00:00,98693.12977066396
2026-02-11 16:00:00+00:00,98693.12977066396
2026-02-11 20:00:00+00:00,98693.12977066396
2026-02-12 00:00:00+00:00,98693.12977066396
2026-02-12 04:00:00+00:00,98693.12977066396
2026-02-12 08:00:00+00:00,98693.12977066396
2026-02-12 12:00:00+00:00,98693.12977066396
2026-02-12 16:00:00+00:00,98693.12977066396
2026-02-12 20:00:00+00:00,98693.12977066396
2026-02-13 00:00:00+00:00,98693.12977066396
2026-02-13 04:00:00+00:00,98693.12977066396
2026-02-13 08:00:00+00:00,98693.12977066396
2026-02-13 12:00:00+00:00,98693.12977066396
2026-02-13 16:00:00+00:00,98693.12977066396
2026-02-13 20:00:00+00:00,98693.12977066396
2026-02-14 00:00:00+00:00,98693.12977066396
2026-02-14 04:00:00+00:00,98693.12977066396
2026-02-14 08:00:00+00:00,98693.12977066396
2026-02-14 12:00:00+00:00,98693.12977066396
2026-02-14 16:00:00+00:00,98693.12977066396
2026-02-14 20:00:00+00:00,98693.12977066396
2026-02-15 00:00:00+00:00,98693.12977066396
2026-02-15 04:00:00+00:00,98693.12977066396
2026-02-15 08:00:00+00:00,98693.12977066396
2026-02-15 12:00:00+00:00,98693.12977066396
2026-02-15 16:00:00+00:00,98693.12977066396
2026-02-15 20:00:00+00:00,98693.12977066396
2026-02-16 00:00:00+00:00,98693.12977066396
2026-02-16 04:00:00+00:00,98693.12977066396
2026-02-16 08:00:00+00:00,98693.12977066396
2026-02-16 12:00:00+00:00,98693.12977066396
2026-02-16 16:00:00+00:00,98693.12977066396
2026-02-16 20:00:00+00:00,98693.12977066396
2026-02-17 00:00:00+00:00,98693.12977066396
2026-02-17 04:00:00+00:00,98693.12977066396
2026-02-17 08:00:00+00:00,98693.12977066396
2026-02-17 12:00:00+00:00,98693.12977066396
2026-02-17 16:00:00+00:00,98693.12977066396
2026-02-17 20:00:00+00:00,98693.12977066396
2026-02-18 00:00:00+00:00,98693.12977066396
2026-02-18 04:00:00+00:00,98693.12977066396
2026-02-18 08:00:00+00:00,98693.12977066396
2026-02-18 12:00:00+00:00,98693.12977066396
2026-02-18 16:00:00+00:00,98693.12977066396
2026-02-18 20:00:00+00:00,98693.12977066396
2026-02-19 00:00:00+00:00,98693.12977066396
2026-02-19 04:00:00+00:00,98693.12977066396
2026-02-19 08:00:00+00:00,98693.12977066396
2026-02-19 12:00:00+00:00,98693.12977066396
2026-02-19 16:00:00+00:00,98693.12977066396
2026-02-19 20:00:00+00:00,98693.12977066396
2026-02-20 00:00:00+00:00,98693.12977066396
2026-02-20 04:00:00+00:00,98693.12977066396
2026-02-20 08:00:00+00:00,98693.12977066396
2026-02-20 12:00:00+00:00,98693.12977066396
2026-02-20 16:00:00+00:00,98693.12977066396
2026-02-20 20:00:00+00:00,98693.12977066396
2026-02-21 00:00:00+00:00,98693.12977066396
2026-02-21 04:00:00+00:00,98693.12977066396
2026-02-21 08:00:00+00:00,98693.12977066396
2026-02-21 12:00:00+00:00,98693.12977066396
2026-02-21 16:00:00+00:00,98693.12977066396
2026-02-21 20:00:00+00:00,98693.12977066396
2026-02-22 00:00:00+00:00,98693.12977066396
2026-02-22 04:00:00+00:00,98693.12977066396
2026-02-22 08:00:00+00:00,98693.12977066396
2026-02-22 12:00:00+00:00,98693.12977066396
2026-02-22 16:00:00+00:00,98693.12977066396
2026-02-22 20:00:00+00:00,98693.12977066396
2026-02-23 00:00:00+00:00,98693.12977066396
2026-02-23 04:00:00+00:00,98835.60917760858
2026-02-23 08:00:00+00:00,98872.15115665917
2026-02-23 12:00:00+00:00,98798.3777048639
2026-02-23 16:00:00+00:00,98591.24952690945
2026-02-23 20:00:00+00:00,98634.19869434969
2026-02-24 00:00:00+00:00,98471.96830456817
2026-02-24 04:00:00+00:00,98409.22319166994
2026-02-24 08:00:00+00:00,98418.0869238578
2026-02-24 12:00:00+00:00,98540.88325862918
2026-02-24 16:00:00+00:00,98609.57332619274
2026-02-24 20:00:00+00:00,98552.43791500182
2026-02-25 00:00:00+00:00,98754.59485528925
2026-02-25 04:00:00+00:00,98695.84844979589
2026-02-25 08:00:00+00:00,98751.23045834822
2026-02-25 12:00:00+00:00,99037.88004456491
2026-02-25 16:00:00+00:00,99063.52635738798
2026-02-25 20:00:00+00:00,99063.52635738798
2026-02-26 00:00:00+00:00,99063.52635738798
2026-02-26 04:00:00+00:00,99063.52635738798
2026-02-26 08:00:00+00:00,99063.52635738798
2026-02-26 12:00:00+00:00,99063.52635738798
2026-02-26 16:00:00+00:00,99063.52635738798
2026-02-26 20:00:00+00:00,99063.52635738798
2026-02-27 00:00:00+00:00,99063.52635738798
2026-02-27 04:00:00+00:00,99063.52635738798
2026-02-27 08:00:00+00:00,99063.52635738798
2026-02-27 12:00:00+00:00,99063.52635738798
2026-02-27 16:00:00+00:00,99063.52635738798
2026-02-27 20:00:00+00:00,99063.52635738798
2026-02-28 00:00:00+00:00,99063.52635738798
2026-02-28 04:00:00+00:00,99063.52635738798
2026-02-28 08:00:00+00:00,99063.52635738798
2026-02-28 12:00:00+00:00,99063.52635738798
2026-02-28 16:00:00+00:00,99063.52635738798
2026-02-28 20:00:00+00:00,99063.52635738798
2026-03-01 00:00:00+00:00,99063.52635738798
2026-03-01 04:00:00+00:00,99063.52635738798
2026-03-01 08:00:00+00:00,99063.52635738798
2026-03-01 12:00:00+00:00,99063.52635738798
2026-03-01 16:00:00+00:00,99063.52635738798
2026-03-01 20:00:00+00:00,99063.52635738798
2026-03-02 00:00:00+00:00,99063.52635738798
2026-03-02 04:00:00+00:00,99063.52635738798
2026-03-02 08:00:00+00:00,99063.52635738798
2026-03-02 12:00:00+00:00,99063.52635738798
2026-03-02 16:00:00+00:00,99063.52635738798
2026-03-02 20:00:00+00:00,99063.52635738798
2026-03-03 00:00:00+00:00,99063.52635738798
2026-03-03 04:00:00+00:00,99063.52635738798
2026-03-03 08:00:00+00:00,99063.52635738798
2026-03-03 12:00:00+00:00,99063.52635738798
2026-03-03 16:00:00+00:00,99063.52635738798
2026-03-03 20:00:00+00:00,99063.52635738798
2026-03-04 00:00:00+00:00,99063.52635738798
2026-03-04 04:00:00+00:00,99063.52635738798
2026-03-04 08:00:00+00:00,99063.52635738798
2026-03-04 12:00:00+00:00,99063.52635738798
2026-03-04 16:00:00+00:00,99063.52635738798
2026-03-04 20:00:00+00:00,99063.52635738798
2026-03-05 00:00:00+00:00,99063.52635738798
2026-03-05 04:00:00+00:00,99063.52635738798
2026-03-05 08:00:00+00:00,99063.52635738798
2026-03-05 12:00:00+00:00,99063.52635738798
2026-03-05 16:00:00+00:00,99063.52635738798
2026-03-05 20:00:00+00:00,99063.52635738798
2026-03-06 00:00:00+00:00,99063.52635738798
2026-03-06 04:00:00+00:00,99063.52635738798
2026-03-06 08:00:00+00:00,99063.52635738798
2026-03-06 12:00:00+00:00,99063.52635738798
2026-03-06 16:00:00+00:00,99063.52635738798
2026-03-06 20:00:00+00:00,99063.52635738798
2026-03-07 00:00:00+00:00,99063.52635738798
2026-03-07 04:00:00+00:00,99063.52635738798
2026-03-07 08:00:00+00:00,99063.52635738798
2026-03-07 12:00:00+00:00,99063.52635738798
2026-03-07 16:00:00+00:00,99063.52635738798
2026-03-07 20:00:00+00:00,99063.52635738798
2026-03-08 00:00:00+00:00,99063.52635738798
2026-03-08 04:00:00+00:00,99063.52635738798
2026-03-08 08:00:00+00:00,99063.52635738798
2026-03-08 12:00:00+00:00,99063.52635738798
2026-03-08 16:00:00+00:00,99063.52635738798
2026-03-08 20:00:00+00:00,99063.52635738798
2026-03-09 00:00:00+00:00,99063.52635738798
2026-03-09 04:00:00+00:00,99063.52635738798
2026-03-09 08:00:00+00:00,99063.52635738798
2026-03-09 12:00:00+00:00,99063.52635738798
2026-03-09 16:00:00+00:00,99063.52635738798
2026-03-09 20:00:00+00:00,99063.52635738798
2026-03-10 00:00:00+00:00,99063.52635738798
2026-03-10 04:00:00+00:00,99063.52635738798
2026-03-10 08:00:00+00:00,99063.52635738798
2026-03-10 12:00:00+00:00,99063.52635738798
2026-03-10 16:00:00+00:00,99063.52635738798
2026-03-10 20:00:00+00:00,99063.52635738798
2026-03-11 00:00:00+00:00,99063.52635738798
2026-03-11 04:00:00+00:00,99063.52635738798
2026-03-11 08:00:00+00:00,99063.52635738798
2026-03-11 12:00:00+00:00,99063.52635738798
2026-03-11 16:00:00+00:00,99063.52635738798
2026-03-11 20:00:00+00:00,99063.52635738798
2026-03-12 00:00:00+00:00,99063.52635738798
2026-03-12 04:00:00+00:00,99063.52635738798
2026-03-12 08:00:00+00:00,99063.52635738798
2026-03-12 12:00:00+00:00,99063.52635738798
2026-03-12 16:00:00+00:00,99063.52635738798
2026-03-12 20:00:00+00:00,99063.52635738798
2026-03-13 00:00:00+00:00,99063.52635738798
2026-03-13 04:00:00+00:00,99063.52635738798
2026-03-13 08:00:00+00:00,99063.52635738798
2026-03-13 12:00:00+00:00,99063.52635738798
2026-03-13 16:00:00+00:00,99063.52635738798
2026-03-13 20:00:00+00:00,99063.52635738798
2026-03-14 00:00:00+00:00,99063.52635738798
2026-03-14 04:00:00+00:00,99063.52635738798
2026-03-14 08:00:00+00:00,99063.52635738798
2026-03-14 12:00:00+00:00,99063.52635738798
2026-03-14 16:00:00+00:00,99063.52635738798
2026-03-14 20:00:00+00:00,99063.52635738798
2026-03-15 00:00:00+00:00,99063.52635738798
2026-03-15 04:00:00+00:00,99063.52635738798
2026-03-15 08:00:00+00:00,99063.52635738798
2026-03-15 12:00:00+00:00,99063.52635738798
2026-03-15 16:00:00+00:00,99063.52635738798
2026-03-15 20:00:00+00:00,99063.52635738798
2026-03-16 00:00:00+00:00,99063.52635738798
2026-03-16 04:00:00+00:00,99063.52635738798
2026-03-16 08:00:00+00:00,99063.52635738798
2026-03-16 12:00:00+00:00,99063.52635738798
2026-03-16 16:00:00+00:00,99063.52635738798
2026-03-16 20:00:00+00:00,99063.52635738798
2026-03-17 00:00:00+00:00,99063.52635738798
2026-03-17 04:00:00+00:00,99063.52635738798
2026-03-17 08:00:00+00:00,99063.52635738798
2026-03-17 12:00:00+00:00,99063.52635738798
2026-03-17 16:00:00+00:00,99063.52635738798
2026-03-17 20:00:00+00:00,99063.52635738798
2026-03-18 00:00:00+00:00,99063.52635738798
2026-03-18 04:00:00+00:00,99063.52635738798
2026-03-18 08:00:00+00:00,99063.52635738798
2026-03-18 12:00:00+00:00,99063.52635738798
2026-03-18 16:00:00+00:00,99063.52635738798
2026-03-18 20:00:00+00:00,99063.52635738798
2026-03-19 00:00:00+00:00,99063.52635738798
2026-03-19 04:00:00+00:00,99063.52635738798
2026-03-19 08:00:00+00:00,99063.52635738798
2026-03-19 12:00:00+00:00,99063.52635738798
2026-03-19 16:00:00+00:00,99063.52635738798
2026-03-19 20:00:00+00:00,99063.52635738798
2026-03-20 00:00:00+00:00,99063.52635738798
2026-03-20 04:00:00+00:00,99063.52635738798
2026-03-20 08:00:00+00:00,99063.52635738798
2026-03-20 12:00:00+00:00,99063.52635738798
2026-03-20 16:00:00+00:00,99063.52635738798
2026-03-20 20:00:00+00:00,99063.52635738798
2026-03-21 00:00:00+00:00,99063.52635738798
2026-03-21 04:00:00+00:00,99063.52635738798
2026-03-21 08:00:00+00:00,99063.52635738798
2026-03-21 12:00:00+00:00,99063.52635738798
2026-03-21 16:00:00+00:00,99063.52635738798
2026-03-21 20:00:00+00:00,99063.52635738798
2026-03-22 00:00:00+00:00,99063.52635738798
2026-03-22 04:00:00+00:00,99063.52635738798
2026-03-22 08:00:00+00:00,99063.52635738798
2026-03-22 12:00:00+00:00,99063.52635738798
2026-03-22 16:00:00+00:00,99063.52635738798
2026-03-22 20:00:00+00:00,99063.52635738798
2026-03-23 00:00:00+00:00,99063.52635738798
2026-03-23 04:00:00+00:00,99063.52635738798
2026-03-23 08:00:00+00:00,99063.52635738798
2026-03-23 12:00:00+00:00,99063.52635738798
2026-03-23 16:00:00+00:00,99063.52635738798
2026-03-23 20:00:00+00:00,99063.52635738798
2026-03-24 00:00:00+00:00,99063.52635738798
2026-03-24 04:00:00+00:00,99063.52635738798
2026-03-24 08:00:00+00:00,99063.52635738798
2026-03-24 12:00:00+00:00,99063.52635738798
2026-03-24 16:00:00+00:00,99063.52635738798
2026-03-24 20:00:00+00:00,99063.52635738798
2026-03-25 00:00:00+00:00,99063.52635738798
2026-03-25 04:00:00+00:00,99063.52635738798
2026-03-25 08:00:00+00:00,99063.52635738798
2026-03-25 12:00:00+00:00,99063.52635738798
2026-03-25 16:00:00+00:00,99063.52635738798
2026-03-25 20:00:00+00:00,99063.52635738798
2026-03-26 00:00:00+00:00,99063.52635738798
2026-03-26 04:00:00+00:00,99063.52635738798
2026-03-26 08:00:00+00:00,99063.52635738798
2026-03-26 12:00:00+00:00,99063.52635738798
2026-03-26 16:00:00+00:00,99063.52635738798
2026-03-26 20:00:00+00:00,99063.52635738798
2026-03-27 00:00:00+00:00,99063.52635738798
2026-03-27 04:00:00+00:00,99063.52635738798
2026-03-27 08:00:00+00:00,99063.52635738798
2026-03-27 12:00:00+00:00,98969.36172048381
2026-03-27 16:00:00+00:00,98962.20149435979
2026-03-27 20:00:00+00:00,99006.3256625425
2026-03-28 00:00:00+00:00,98980.97474849402
2026-03-28 04:00:00+00:00,99031.53963871697
2026-03-28 08:00:00+00:00,99001.57229362776
2026-03-28 12:00:00+00:00,99095.63584767673
2026-03-28 16:00:00+00:00,99082.05810932163
2026-03-28 20:00:00+00:00,99003.53236201082
2026-03-29 00:00:00+00:00,99082.56524365164
2026-03-29 04:00:00+00:00,99052.22306014459
2026-03-29 08:00:00+00:00,99069.82886087838
2026-03-29 12:00:00+00:00,99025.50160686555
2026-03-29 16:00:00+00:00,98999.16659690895
2026-03-29 20:00:00+00:00,98949.85735736122
2026-03-30 00:00:00+00:00,99120.41347943911
2026-03-30 04:00:00+00:00,99179.22249387357
2026-03-30 08:00:00+00:00,99179.99763291828
2026-03-30 12:00:00+00:00,99179.99763291828
2026-03-30 16:00:00+00:00,99179.99763291828
2026-03-30 20:00:00+00:00,99179.99763291828
2026-03-31 00:00:00+00:00,99179.99763291828
2026-03-31 04:00:00+00:00,99179.99763291828
2026-03-31 08:00:00+00:00,99179.99763291828
2026-03-31 12:00:00+00:00,99179.99763291828
2026-03-31 16:00:00+00:00,99179.99763291828
2026-03-31 20:00:00+00:00,99179.99763291828
2026-04-01 00:00:00+00:00,99179.99763291828
2026-04-01 04:00:00+00:00,99179.99763291828
2026-04-01 08:00:00+00:00,99179.99763291828
2026-04-01 12:00:00+00:00,99179.99763291828
2026-04-01 16:00:00+00:00,99179.99763291828
2026-04-01 20:00:00+00:00,99179.99763291828
2026-04-02 00:00:00+00:00,99179.99763291828
2026-04-02 04:00:00+00:00,99179.99763291828
2026-04-02 08:00:00+00:00,99179.99763291828
2026-04-02 12:00:00+00:00,99179.99763291828
2026-04-02 16:00:00+00:00,99179.99763291828
2026-04-02 20:00:00+00:00,99179.99763291828
2026-04-03 00:00:00+00:00,99179.99763291828
2026-04-03 04:00:00+00:00,99179.99763291828
2026-04-03 08:00:00+00:00,99179.99763291828
2026-04-03 12:00:00+00:00,99179.99763291828
2026-04-03 16:00:00+00:00,99179.99763291828
2026-04-03 20:00:00+00:00,99179.99763291828
2026-04-04 00:00:00+00:00,99179.99763291828
2026-04-04 04:00:00+00:00,99179.99763291828
2026-04-04 08:00:00+00:00,99179.99763291828
2026-04-04 12:00:00+00:00,99179.99763291828
2026-04-04 16:00:00+00:00,99179.99763291828
2026-04-04 20:00:00+00:00,99179.99763291828
2026-04-05 00:00:00+00:00,99179.99763291828
2026-04-05 04:00:00+00:00,99179.99763291828
2026-04-05 08:00:00+00:00,99179.99763291828
2026-04-05 12:00:00+00:00,99179.99763291828
2026-04-05 16:00:00+00:00,99179.99763291828
2026-04-05 20:00:00+00:00,99179.99763291828
2026-04-06 00:00:00+00:00,99179.99763291828
2026-04-06 04:00:00+00:00,99179.99763291828
2026-04-06 08:00:00+00:00,99179.99763291828
2026-04-06 12:00:00+00:00,99179.99763291828
2026-04-06 16:00:00+00:00,99179.99763291828
2026-04-06 20:00:00+00:00,99179.99763291828
2026-04-07 00:00:00+00:00,99179.99763291828
2026-04-07 04:00:00+00:00,99179.99763291828
2026-04-07 08:00:00+00:00,99179.99763291828
2026-04-07 12:00:00+00:00,99179.99763291828
2026-04-07 16:00:00+00:00,99179.99763291828
2026-04-07 20:00:00+00:00,99179.99763291828
2026-04-08 00:00:00+00:00,99179.99763291828
2026-04-08 04:00:00+00:00,99179.99763291828
2026-04-08 08:00:00+00:00,99179.99763291828
2026-04-08 12:00:00+00:00,99179.99763291828
2026-04-08 16:00:00+00:00,99179.99763291828
2026-04-08 20:00:00+00:00,99179.99763291828
2026-04-09 00:00:00+00:00,99179.99763291828
2026-04-09 04:00:00+00:00,99179.99763291828
2026-04-09 08:00:00+00:00,99179.99763291828
2026-04-09 12:00:00+00:00,99179.99763291828
2026-04-09 16:00:00+00:00,99179.99763291828
2026-04-09 20:00:00+00:00,99179.99763291828
2026-04-10 00:00:00+00:00,99179.99763291828
2026-04-10 04:00:00+00:00,99179.99763291828
2026-04-10 08:00:00+00:00,99179.99763291828
2026-04-10 12:00:00+00:00,99179.99763291828
2026-04-10 16:00:00+00:00,99179.99763291828
2026-04-10 20:00:00+00:00,99179.99763291828
2026-04-11 00:00:00+00:00,99179.99763291828
2026-04-11 04:00:00+00:00,99179.99763291828
2026-04-11 08:00:00+00:00,99179.99763291828
2026-04-11 12:00:00+00:00,99179.99763291828
2026-04-11 16:00:00+00:00,99179.99763291828
2026-04-11 20:00:00+00:00,99179.99763291828
2026-04-12 00:00:00+00:00,99179.99763291828
2026-04-12 04:00:00+00:00,99179.99763291828
2026-04-12 08:00:00+00:00,99179.99763291828
2026-04-12 12:00:00+00:00,99179.99763291828
2026-04-12 16:00:00+00:00,99179.99763291828
2026-04-12 20:00:00+00:00,99179.99763291828
2026-04-13 00:00:00+00:00,99179.99763291828
2026-04-13 04:00:00+00:00,99179.99763291828
2026-04-13 08:00:00+00:00,99179.99763291828
2026-04-13 12:00:00+00:00,99179.99763291828
2026-04-13 16:00:00+00:00,99179.99763291828
2026-04-13 20:00:00+00:00,99179.99763291828
2026-04-14 00:00:00+00:00,99179.99763291828
2026-04-14 04:00:00+00:00,99179.99763291828
2026-04-14 08:00:00+00:00,99179.99763291828
2026-04-14 12:00:00+00:00,99179.99763291828
2026-04-14 16:00:00+00:00,99179.99763291828
2026-04-14 20:00:00+00:00,99179.99763291828
2026-04-15 00:00:00+00:00,99179.99763291828
2026-04-15 04:00:00+00:00,99179.99763291828
2026-04-15 08:00:00+00:00,99179.99763291828
2026-04-15 12:00:00+00:00,99179.99763291828
2026-04-15 16:00:00+00:00,99179.99763291828
2026-04-15 20:00:00+00:00,99179.99763291828
2026-04-16 00:00:00+00:00,99179.99763291828
2026-04-16 04:00:00+00:00,99179.99763291828
2026-04-16 08:00:00+00:00,99179.99763291828
2026-04-16 12:00:00+00:00,99179.99763291828
2026-04-16 16:00:00+00:00,99179.99763291828
2026-04-16 20:00:00+00:00,99179.99763291828
2026-04-17 00:00:00+00:00,99179.99763291828
2026-04-17 04:00:00+00:00,99179.99763291828
2026-04-17 08:00:00+00:00,99179.99763291828
2026-04-17 12:00:00+00:00,99179.99763291828
2026-04-17 16:00:00+00:00,99179.99763291828
2026-04-17 20:00:00+00:00,99179.99763291828
2026-04-18 00:00:00+00:00,99179.99763291828
2026-04-18 04:00:00+00:00,99179.99763291828
2026-04-18 08:00:00+00:00,99179.99763291828
2026-04-18 12:00:00+00:00,99179.99763291828
2026-04-18 16:00:00+00:00,99179.99763291828
2026-04-18 20:00:00+00:00,99179.99763291828
2026-04-19 00:00:00+00:00,99179.99763291828
2026-04-19 04:00:00+00:00,99179.99763291828
2026-04-19 08:00:00+00:00,99179.99763291828
2026-04-19 12:00:00+00:00,99179.99763291828
2026-04-19 16:00:00+00:00,99179.99763291828
2026-04-19 20:00:00+00:00,99179.99763291828
2026-04-20 00:00:00+00:00,99179.99763291828
2026-04-20 04:00:00+00:00,99179.99763291828
2026-04-20 08:00:00+00:00,99179.99763291828
2026-04-20 12:00:00+00:00,99179.99763291828
2026-04-20 16:00:00+00:00,99179.99763291828
2026-04-20 20:00:00+00:00,99179.99763291828
2026-04-21 00:00:00+00:00,99179.99763291828
2026-04-21 04:00:00+00:00,99179.99763291828
2026-04-21 08:00:00+00:00,99179.99763291828
2026-04-21 12:00:00+00:00,99179.99763291828
2026-04-21 16:00:00+00:00,99179.99763291828
2026-04-21 20:00:00+00:00,99179.99763291828
2026-04-22 00:00:00+00:00,99179.99763291828
2026-04-22 04:00:00+00:00,99179.99763291828
2026-04-22 08:00:00+00:00,99179.99763291828
2026-04-22 12:00:00+00:00,99179.99763291828
2026-04-22 16:00:00+00:00,99179.99763291828
2026-04-22 20:00:00+00:00,99179.99763291828
2026-04-23 00:00:00+00:00,99179.99763291828
2026-04-23 04:00:00+00:00,99179.99763291828
2026-04-23 08:00:00+00:00,99179.99763291828
2026-04-23 12:00:00+00:00,99179.99763291828
2026-04-23 16:00:00+00:00,99179.99763291828
2026-04-23 20:00:00+00:00,99179.99763291828
2026-04-24 00:00:00+00:00,99179.99763291828
2026-04-24 04:00:00+00:00,99179.99763291828
2026-04-24 08:00:00+00:00,99179.99763291828
2026-04-24 12:00:00+00:00,99179.99763291828
2026-04-24 16:00:00+00:00,99179.99763291828
2026-04-24 20:00:00+00:00,99179.99763291828
2026-04-25 00:00:00+00:00,99179.99763291828
2026-04-25 04:00:00+00:00,99179.99763291828
2026-04-25 08:00:00+00:00,99179.99763291828
2026-04-25 12:00:00+00:00,99179.99763291828
2026-04-25 16:00:00+00:00,99179.99763291828
2026-04-25 20:00:00+00:00,99179.99763291828
2026-04-26 00:00:00+00:00,99179.99763291828
2026-04-26 04:00:00+00:00,99179.99763291828
2026-04-26 08:00:00+00:00,99179.99763291828
2026-04-26 12:00:00+00:00,99179.99763291828
2026-04-26 16:00:00+00:00,99179.99763291828
2026-04-26 20:00:00+00:00,99179.99763291828
2026-04-27 00:00:00+00:00,99179.99763291828
2026-04-27 04:00:00+00:00,99179.99763291828
2026-04-27 08:00:00+00:00,99179.99763291828
2026-04-27 12:00:00+00:00,99179.99763291828
2026-04-27 16:00:00+00:00,99179.99763291828
2026-04-27 20:00:00+00:00,99179.99763291828
2026-04-28 00:00:00+00:00,99179.99763291828
2026-04-28 04:00:00+00:00,99179.99763291828
2026-04-28 08:00:00+00:00,99179.99763291828
2026-04-28 12:00:00+00:00,99179.99763291828
2026-04-28 16:00:00+00:00,99179.99763291828
2026-04-28 20:00:00+00:00,99179.99763291828
2026-04-29 00:00:00+00:00,99179.99763291828
2026-04-29 04:00:00+00:00,99179.99763291828
2026-04-29 08:00:00+00:00,99179.99763291828
2026-04-29 12:00:00+00:00,99179.99763291828
2026-04-29 16:00:00+00:00,99179.99763291828
2026-04-29 20:00:00+00:00,99179.99763291828
2026-04-30 00:00:00+00:00,99179.99763291828
2026-04-30 04:00:00+00:00,99179.99763291828
2026-04-30 08:00:00+00:00,99179.99763291828
2026-04-30 12:00:00+00:00,99179.99763291828
2026-04-30 16:00:00+00:00,99179.99763291828
2026-04-30 20:00:00+00:00,99179.99763291828
2026-05-01 00:00:00+00:00,99179.99763291828
2026-05-01 04:00:00+00:00,99179.99763291828
2026-05-01 08:00:00+00:00,99179.99763291828
2026-05-01 12:00:00+00:00,99179.99763291828
2026-05-01 16:00:00+00:00,99179.99763291828
2026-05-01 20:00:00+00:00,99179.99763291828
2026-05-02 00:00:00+00:00,99179.99763291828
2026-05-02 04:00:00+00:00,99179.99763291828
2026-05-02 08:00:00+00:00,99179.99763291828
2026-05-02 12:00:00+00:00,99179.99763291828
2026-05-02 16:00:00+00:00,99179.99763291828
2026-05-02 20:00:00+00:00,99179.99763291828
2026-05-03 00:00:00+00:00,99179.99763291828
2026-05-03 04:00:00+00:00,99179.99763291828
2026-05-03 08:00:00+00:00,99179.99763291828
2026-05-03 12:00:00+00:00,99179.99763291828
2026-05-03 16:00:00+00:00,99179.99763291828
2026-05-03 20:00:00+00:00,99179.99763291828
2026-05-04 00:00:00+00:00,99179.99763291828
2026-05-04 04:00:00+00:00,99179.99763291828
2026-05-04 08:00:00+00:00,99179.99763291828
2026-05-04 12:00:00+00:00,99179.99763291828
2026-05-04 16:00:00+00:00,99179.99763291828
2026-05-04 20:00:00+00:00,99179.99763291828
2026-05-05 00:00:00+00:00,99179.99763291828
2026-05-05 04:00:00+00:00,99179.99763291828
2026-05-05 08:00:00+00:00,99179.99763291828
2026-05-06 00:00:00+00:00,99179.99763291828
2026-05-06 04:00:00+00:00,99179.99763291828
2026-05-06 08:00:00+00:00,99179.99763291828
2026-05-06 12:00:00+00:00,99179.99763291828
2026-05-06 16:00:00+00:00,99179.99763291828
2026-05-06 20:00:00+00:00,99179.99763291828
2026-05-07 00:00:00+00:00,99179.99763291828
2026-05-07 04:00:00+00:00,99179.99763291828
2026-05-07 08:00:00+00:00,99179.99763291828
2026-05-07 12:00:00+00:00,99179.99763291828
2026-05-07 16:00:00+00:00,99179.99763291828
2026-05-07 20:00:00+00:00,99179.99763291828
2026-05-08 00:00:00+00:00,99179.99763291828
2026-05-08 04:00:00+00:00,99179.99763291828
2026-05-08 08:00:00+00:00,99179.99763291828
2026-05-08 12:00:00+00:00,99179.99763291828
2026-05-08 16:00:00+00:00,99179.99763291828
2026-05-08 20:00:00+00:00,99179.99763291828
2026-05-09 00:00:00+00:00,99179.99763291828
2026-05-09 04:00:00+00:00,99179.99763291828
2026-05-09 08:00:00+00:00,99179.99763291828
2026-05-09 12:00:00+00:00,99179.99763291828
2026-05-09 16:00:00+00:00,99179.99763291828
2026-05-09 20:00:00+00:00,99179.99763291828
2026-05-10 00:00:00+00:00,99179.99763291828
2026-05-10 04:00:00+00:00,99179.99763291828
2026-05-10 08:00:00+00:00,99179.99763291828
2026-05-10 12:00:00+00:00,99179.99763291828
2026-05-10 16:00:00+00:00,99179.99763291828
2026-05-10 20:00:00+00:00,99179.99763291828
2026-05-11 00:00:00+00:00,99179.99763291828
2026-05-11 04:00:00+00:00,99179.99763291828
2026-05-11 08:00:00+00:00,99179.99763291828
2026-05-11 12:00:00+00:00,99179.99763291828
2026-05-11 16:00:00+00:00,99179.99763291828
2026-05-11 20:00:00+00:00,99179.99763291828
2026-05-12 00:00:00+00:00,99179.99763291828
2026-05-12 04:00:00+00:00,99179.99763291828
2026-05-12 08:00:00+00:00,99179.99763291828
2026-05-12 12:00:00+00:00,99179.99763291828
2026-05-12 16:00:00+00:00,99179.99763291828
2026-05-12 20:00:00+00:00,99179.99763291828
2026-05-13 00:00:00+00:00,99179.99763291828
2026-05-13 04:00:00+00:00,99179.99763291828
2026-05-13 08:00:00+00:00,99179.99763291828
2026-05-13 12:00:00+00:00,99179.99763291828
2026-05-13 16:00:00+00:00,99179.99763291828
2026-05-13 20:00:00+00:00,99179.99763291828
2026-05-14 00:00:00+00:00,99179.99763291828
2026-05-14 04:00:00+00:00,99179.99763291828
2026-05-14 08:00:00+00:00,99179.99763291828
2026-05-14 12:00:00+00:00,99179.99763291828
2026-05-14 16:00:00+00:00,99179.99763291828
2026-05-14 20:00:00+00:00,99179.99763291828
2026-05-15 00:00:00+00:00,99179.99763291828
2026-05-15 04:00:00+00:00,99179.99763291828
2026-05-15 08:00:00+00:00,99179.99763291828
2026-05-15 12:00:00+00:00,99179.99763291828
2026-05-15 16:00:00+00:00,99179.99763291828
2026-05-15 20:00:00+00:00,99179.99763291828
2026-05-16 00:00:00+00:00,99179.99763291828
2026-05-16 04:00:00+00:00,99179.99763291828
2026-05-16 08:00:00+00:00,99179.99763291828
2026-05-16 12:00:00+00:00,99179.99763291828
2026-05-16 16:00:00+00:00,99179.99763291828
2026-05-16 20:00:00+00:00,99179.99763291828
2026-05-17 00:00:00+00:00,99179.99763291828
2026-05-17 04:00:00+00:00,99179.99763291828
2026-05-17 08:00:00+00:00,99179.99763291828
2026-05-17 12:00:00+00:00,99179.99763291828
2026-05-17 16:00:00+00:00,99179.99763291828
2026-05-17 20:00:00+00:00,99179.99763291828
2026-05-18 00:00:00+00:00,99179.99763291828
2026-05-18 04:00:00+00:00,99179.99763291828
2026-05-18 08:00:00+00:00,99179.99763291828
2026-05-18 12:00:00+00:00,99179.99763291828
2026-05-18 16:00:00+00:00,99179.99763291828
2026-05-18 20:00:00+00:00,99179.99763291828
2026-05-19 00:00:00+00:00,99179.99763291828
2026-05-19 04:00:00+00:00,99179.99763291828
2026-05-19 08:00:00+00:00,99179.99763291828
2026-05-19 12:00:00+00:00,99179.99763291828
2026-05-19 16:00:00+00:00,99179.99763291828
2026-05-19 20:00:00+00:00,99179.99763291828
2026-05-20 00:00:00+00:00,99179.99763291828
2026-05-20 04:00:00+00:00,99179.99763291828
2026-05-20 08:00:00+00:00,99179.99763291828
2026-05-20 12:00:00+00:00,99179.99763291828
2026-05-20 16:00:00+00:00,99179.99763291828
2026-05-20 20:00:00+00:00,99179.99763291828
2026-05-21 00:00:00+00:00,99179.99763291828
2026-05-21 04:00:00+00:00,99179.99763291828
2026-05-21 08:00:00+00:00,99179.99763291828
2026-05-21 12:00:00+00:00,99179.99763291828
2026-05-21 16:00:00+00:00,99179.99763291828
2026-05-21 20:00:00+00:00,99179.99763291828
2026-05-22 00:00:00+00:00,99179.99763291828
2026-05-22 04:00:00+00:00,99179.99763291828
2026-05-22 08:00:00+00:00,99179.99763291828
2026-05-22 12:00:00+00:00,99179.99763291828
2026-05-22 16:00:00+00:00,99179.99763291828
2026-05-22 20:00:00+00:00,99179.99763291828
2026-05-23 00:00:00+00:00,99179.99763291828
2026-05-23 04:00:00+00:00,99179.99763291828
2026-05-23 08:00:00+00:00,99198.2272323762
2026-05-23 12:00:00+00:00,99293.84245053444
2026-05-23 16:00:00+00:00,99352.8258035801
2026-05-23 20:00:00+00:00,99456.32813112618
2026-05-24 00:00:00+00:00,99450.96916119895
2026-05-24 04:00:00+00:00,99450.96916119895
2026-05-24 08:00:00+00:00,99450.96916119895
2026-05-24 12:00:00+00:00,99450.96916119895
2026-05-24 16:00:00+00:00,99450.96916119895
2026-05-24 20:00:00+00:00,99450.96916119895
2026-05-25 00:00:00+00:00,99450.96916119895
2026-05-25 04:00:00+00:00,99450.96916119895
2026-05-25 08:00:00+00:00,99450.96916119895
2026-05-25 12:00:00+00:00,99450.96916119895
2026-05-25 16:00:00+00:00,99450.96916119895
2026-05-25 20:00:00+00:00,99450.96916119895
2026-05-26 00:00:00+00:00,99450.96916119895
2026-05-26 04:00:00+00:00,99450.96916119895
2026-05-26 08:00:00+00:00,99450.96916119895
2026-05-26 12:00:00+00:00,99450.96916119895
2026-05-26 16:00:00+00:00,99450.96916119895
2026-05-26 20:00:00+00:00,99450.96916119895
2026-05-27 00:00:00+00:00,99450.96916119895
2026-05-27 04:00:00+00:00,99450.96916119895
2026-05-27 08:00:00+00:00,99450.96916119895
2026-05-27 12:00:00+00:00,99450.96916119895
2026-05-27 16:00:00+00:00,99450.96916119895
2026-05-27 20:00:00+00:00,99450.96916119895
2026-05-28 00:00:00+00:00,99450.96916119895
2026-05-28 04:00:00+00:00,99478.0430587763
2026-05-28 08:00:00+00:00,99480.29669197371
2026-05-28 12:00:00+00:00,99400.8404493982
2026-05-28 16:00:00+00:00,99469.66285838591
2026-05-28 20:00:00+00:00,99498.91971368568
2026-05-29 00:00:00+00:00,99454.77889146966
2026-05-29 04:00:00+00:00,99485.09934263487
2026-05-29 08:00:00+00:00,99479.50404210796
2026-05-29 12:00:00+00:00,99523.66717752397
2026-05-29 16:00:00+00:00,99483.74992530308
2026-05-29 20:00:00+00:00,99479.11409237506
2026-05-30 00:00:00+00:00,99487.22547183243
2026-05-30 04:00:00+00:00,99490.41625942878
2026-05-30 08:00:00+00:00,99496.5874530217
2026-05-30 12:00:00+00:00,99539.91862483865
2026-05-30 16:00:00+00:00,99552.15900882462
2026-05-30 20:00:00+00:00,99531.74349338136
2026-05-31 00:00:00+00:00,99569.57605520464
2026-05-31 04:00:00+00:00,99531.5989888482
2026-05-31 08:00:00+00:00,99542.26044830264
2026-05-31 12:00:00+00:00,99503.02853008098
2026-05-31 16:00:00+00:00,99489.39197729662
2026-05-31 20:00:00+00:00,99507.43698087591
2026-06-01 00:00:00+00:00,99519.21091272908
2026-06-01 04:00:00+00:00,99388.67763034547
2026-06-01 08:00:00+00:00,99344.6111854627
2026-06-01 12:00:00+00:00,99155.60350621284
2026-06-01 16:00:00+00:00,99223.84789706788
2026-06-01 20:00:00+00:00,99198.9814294964
2026-06-02 00:00:00+00:00,99135.37499663603
2026-06-02 04:00:00+00:00,99022.70289956528
2026-06-02 08:00:00+00:00,98932.79451660175
2026-06-02 12:00:00+00:00,98636.21065014196
2026-06-02 16:00:00+00:00,98638.0350198732
2026-06-02 20:00:00+00:00,98566.47446248862
2026-06-03 00:00:00+00:00,98443.01977716357
2026-06-03 04:00:00+00:00,98630.2732138821
2026-06-03 08:00:00+00:00,98608.56140777367
2026-06-03 12:00:00+00:00,98473.03740632914
2026-06-03 16:00:00+00:00,98389.59613249151
2026-06-03 20:00:00+00:00,98210.61133016349
2026-06-04 00:00:00+00:00,98243.71243105886
2026-06-04 04:00:00+00:00,98142.71279390804
2026-06-04 08:00:00+00:00,97997.45067447468
2026-06-04 12:00:00+00:00,98180.11556099847
2026-06-04 16:00:00+00:00,98142.03277257549
2026-06-04 20:00:00+00:00,98178.74436173338
2026-06-05 00:00:00+00:00,98022.65662144576
2026-06-05 04:00:00+00:00,98076.62959585052
2026-06-05 08:00:00+00:00,97919.30134789765
2026-06-05 12:00:00+00:00,97715.96806299756
2026-06-05 16:00:00+00:00,97697.19947421909
2026-06-05 20:00:00+00:00,97800.72315930034
2026-06-06 00:00:00+00:00,97751.73293495654
2026-06-06 04:00:00+00:00,97793.18448530899
2026-06-06 08:00:00+00:00,97766.63390240612
2026-06-06 12:00:00+00:00,97762.90334787706
2026-06-06 16:00:00+00:00,97738.69033830483
2026-06-06 20:00:00+00:00,97776.80819032778
2026-06-07 00:00:00+00:00,97888.79442213265
2026-06-07 04:00:00+00:00,97984.06116069003
2026-06-07 08:00:00+00:00,98015.19126225433
2026-06-07 12:00:00+00:00,97942.39763493782
2026-06-07 16:00:00+00:00,97837.00654752538
2026-06-07 20:00:00+00:00,98111.09339574432
2026-06-08 00:00:00+00:00,98103.24562100394
2026-06-08 04:00:00+00:00,98103.24562100394
2026-06-08 08:00:00+00:00,98103.24562100394
2026-06-08 12:00:00+00:00,98103.24562100394
2026-06-08 16:00:00+00:00,98103.24562100394
2026-06-08 20:00:00+00:00,98103.24562100394
2026-06-09 00:00:00+00:00,98103.24562100394
2026-06-09 04:00:00+00:00,98103.24562100394
2026-06-09 08:00:00+00:00,98103.24562100394
2026-06-09 12:00:00+00:00,98103.24562100394
2026-06-09 16:00:00+00:00,98103.24562100394
2026-06-09 20:00:00+00:00,98103.24562100394
2026-06-10 00:00:00+00:00,98103.24562100394
2026-06-10 04:00:00+00:00,98103.24562100394
2026-06-10 08:00:00+00:00,98103.24562100394
2026-06-10 12:00:00+00:00,98103.24562100394
2026-06-10 16:00:00+00:00,98103.24562100394
2026-06-10 20:00:00+00:00,98103.24562100394
2026-06-11 00:00:00+00:00,98103.24562100394
2026-06-11 04:00:00+00:00,98103.24562100394
2026-06-11 08:00:00+00:00,98103.24562100394
2026-06-11 12:00:00+00:00,98103.24562100394
2026-06-11 16:00:00+00:00,98103.24562100394
2026-06-11 20:00:00+00:00,98103.24562100394
2026-06-12 00:00:00+00:00,98103.24562100394
2026-06-12 04:00:00+00:00,98103.24562100394
2026-06-12 08:00:00+00:00,98103.24562100394
2026-06-12 12:00:00+00:00,98103.24562100394
2026-06-12 16:00:00+00:00,98103.24562100394
2026-06-12 20:00:00+00:00,98103.24562100394
2026-06-13 00:00:00+00:00,98103.24562100394
2026-06-13 04:00:00+00:00,98103.24562100394
2026-06-13 08:00:00+00:00,98103.24562100394
2026-06-13 12:00:00+00:00,98103.24562100394
2026-06-13 16:00:00+00:00,98103.24562100394
2026-06-13 20:00:00+00:00,98103.24562100394
2026-06-14 00:00:00+00:00,98103.24562100394
2026-06-14 04:00:00+00:00,98103.24562100394
2026-06-14 08:00:00+00:00,98103.24562100394
2026-06-14 12:00:00+00:00,98103.24562100394
2026-06-14 16:00:00+00:00,98103.24562100394
2026-06-14 20:00:00+00:00,98103.24562100394
2026-06-15 00:00:00+00:00,98103.24562100394
2026-06-15 04:00:00+00:00,98103.24562100394
2026-06-15 08:00:00+00:00,98103.24562100394
2026-06-15 12:00:00+00:00,98103.24562100394
2026-06-15 16:00:00+00:00,98103.24562100394
2026-06-15 20:00:00+00:00,98103.24562100394
2026-06-16 00:00:00+00:00,98103.24562100394
2026-06-16 04:00:00+00:00,98103.24562100394
2026-06-16 08:00:00+00:00,98103.24562100394
2026-06-16 12:00:00+00:00,98103.24562100394
2026-06-16 16:00:00+00:00,98103.24562100394
2026-06-16 20:00:00+00:00,98103.24562100394
2026-06-17 00:00:00+00:00,98103.24562100394
2026-06-17 04:00:00+00:00,98103.24562100394
2026-06-17 08:00:00+00:00,98103.24562100394
2026-06-17 12:00:00+00:00,98103.24562100394
2026-06-17 16:00:00+00:00,98103.24562100394
2026-06-17 20:00:00+00:00,98103.24562100394
2026-06-18 00:00:00+00:00,98103.24562100394
2026-06-18 04:00:00+00:00,98103.24562100394
2026-06-18 08:00:00+00:00,98103.24562100394
2026-06-18 12:00:00+00:00,98103.24562100394
2026-06-18 16:00:00+00:00,98103.24562100394
2026-06-18 20:00:00+00:00,98103.24562100394
2026-06-19 00:00:00+00:00,98103.24562100394
2026-06-19 04:00:00+00:00,98103.24562100394
2026-06-19 08:00:00+00:00,98103.24562100394
2026-06-19 12:00:00+00:00,98103.24562100394
2026-06-19 16:00:00+00:00,98103.24562100394
2026-06-19 20:00:00+00:00,98103.24562100394
2026-06-20 00:00:00+00:00,98103.24562100394
2026-06-20 04:00:00+00:00,98103.24562100394
2026-06-20 08:00:00+00:00,98103.24562100394
2026-06-20 12:00:00+00:00,98103.24562100394
2026-06-20 16:00:00+00:00,98103.24562100394
2026-06-20 20:00:00+00:00,98103.24562100394
2026-06-21 00:00:00+00:00,98103.24562100394
2026-06-21 04:00:00+00:00,98103.24562100394
2026-06-21 08:00:00+00:00,98103.24562100394
2026-06-21 12:00:00+00:00,98103.24562100394
2026-06-21 16:00:00+00:00,98103.24562100394
2026-06-21 20:00:00+00:00,98103.24562100394
2026-06-22 00:00:00+00:00,98103.24562100394
2026-06-22 04:00:00+00:00,98103.24562100394
2026-06-22 08:00:00+00:00,98103.24562100394
2026-06-22 12:00:00+00:00,98103.24562100394
2026-06-22 16:00:00+00:00,98103.24562100394
2026-06-22 20:00:00+00:00,98103.24562100394
2026-06-23 00:00:00+00:00,98103.24562100394
2026-06-23 04:00:00+00:00,98103.24562100394
2026-06-23 08:00:00+00:00,98103.24562100394
2026-06-23 12:00:00+00:00,98103.24562100394
2026-06-23 16:00:00+00:00,98103.24562100394
2026-06-23 20:00:00+00:00,98103.24562100394
2026-06-24 00:00:00+00:00,98103.24562100394
2026-06-24 04:00:00+00:00,98103.24562100394
2026-06-24 08:00:00+00:00,98103.24562100394
2026-06-24 12:00:00+00:00,98103.24562100394
2026-06-24 16:00:00+00:00,98048.74408475471
2026-06-24 20:00:00+00:00,98229.43487875223
2026-06-25 00:00:00+00:00,98196.68395196753
2026-06-25 04:00:00+00:00,98365.33552794883
2026-06-25 08:00:00+00:00,98261.37644099136
2026-06-25 12:00:00+00:00,97981.12234560528
2026-06-25 16:00:00+00:00,97936.80724875952
2026-06-25 20:00:00+00:00,98020.85507638499
2026-06-26 00:00:00+00:00,98059.56256962076
2026-06-26 04:00:00+00:00,98140.19336329537
2026-06-26 08:00:00+00:00,97959.62037609638
2026-06-26 12:00:00+00:00,98106.15675042293
2026-06-26 16:00:00+00:00,98011.758481158
2026-06-26 20:00:00+00:00,98069.84742152914
2026-06-27 00:00:00+00:00,98102.66457483842
2026-06-27 04:00:00+00:00,98142.79148079807
2026-06-27 08:00:00+00:00,98112.32345873083
2026-06-27 12:00:00+00:00,98189.9632333098
2026-06-27 16:00:00+00:00,98081.82232340128
2026-06-27 20:00:00+00:00,98058.56153023
2026-06-28 00:00:00+00:00,98086.42761403353
2026-06-28 04:00:00+00:00,98090.48398866397
2026-06-28 08:00:00+00:00,98110.23987038061
2026-06-28 12:00:00+00:00,98036.4284983571
2026-06-28 16:00:00+00:00,97969.92942615798
2026-06-28 20:00:00+00:00,97982.8174899171
2026-06-29 00:00:00+00:00,98059.84403235021
2026-06-29 04:00:00+00:00,98058.17818053966
2026-06-29 08:00:00+00:00,98049.5891097366
2026-06-29 12:00:00+00:00,98021.03592574058
2026-06-29 16:00:00+00:00,98123.23300506815
2026-06-29 20:00:00+00:00,98120.05351723803
2026-06-30 00:00:00+00:00,98120.05351723803
2026-06-30 04:00:00+00:00,98120.05351723803
2026-06-30 08:00:00+00:00,98120.05351723803
2026-06-30 12:00:00+00:00,98120.05351723803
2026-06-30 16:00:00+00:00,98120.05351723803
2026-06-30 20:00:00+00:00,98120.05351723803
2026-07-01 00:00:00+00:00,98120.05351723803
2026-07-01 04:00:00+00:00,98120.05351723803
2026-07-01 08:00:00+00:00,98120.05351723803
2026-07-01 12:00:00+00:00,98120.05351723803
2026-07-01 16:00:00+00:00,98120.05351723803
2026-07-01 20:00:00+00:00,98120.05351723803
2026-07-02 00:00:00+00:00,98120.05351723803
2026-07-02 04:00:00+00:00,98120.05351723803
2026-07-02 08:00:00+00:00,98120.05351723803
2026-07-02 12:00:00+00:00,98120.05351723803
2026-07-02 16:00:00+00:00,98120.05351723803
2026-07-02 20:00:00+00:00,98120.05351723803
2026-07-03 00:00:00+00:00,98120.05351723803
2026-07-03 04:00:00+00:00,98120.05351723803
2026-07-03 08:00:00+00:00,98120.05351723803
2026-07-03 12:00:00+00:00,98120.05351723803
2026-07-03 16:00:00+00:00,98120.05351723803
2026-07-03 20:00:00+00:00,98120.05351723803
2026-07-04 00:00:00+00:00,98120.05351723803
2026-07-04 04:00:00+00:00,98120.05351723803
2026-07-04 08:00:00+00:00,98120.05351723803
2026-07-04 12:00:00+00:00,98120.05351723803
2026-07-04 16:00:00+00:00,98120.05351723803
2026-07-04 20:00:00+00:00,98120.05351723803
2026-07-05 00:00:00+00:00,98120.05351723803
2026-07-05 04:00:00+00:00,98120.05351723803
2026-07-05 08:00:00+00:00,98120.05351723803
2026-07-05 12:00:00+00:00,98120.05351723803
2026-07-05 16:00:00+00:00,98120.05351723803
2026-07-05 20:00:00+00:00,98120.05351723803
2026-07-06 00:00:00+00:00,98120.05351723803
2026-07-06 04:00:00+00:00,98120.05351723803
2026-07-06 08:00:00+00:00,98120.05351723803
2026-07-06 12:00:00+00:00,98120.05351723803
2026-07-06 16:00:00+00:00,98120.05351723803
2026-07-06 20:00:00+00:00,98120.05351723803
2026-07-07 00:00:00+00:00,98120.05351723803
2026-07-07 04:00:00+00:00,98120.05351723803
2026-07-07 08:00:00+00:00,98120.05351723803
2026-07-07 12:00:00+00:00,98120.05351723803
2026-07-07 16:00:00+00:00,98120.05351723803
2026-07-07 20:00:00+00:00,98120.05351723803
2026-07-08 00:00:00+00:00,98120.05351723803
2026-07-08 04:00:00+00:00,98120.05351723803
2026-07-08 08:00:00+00:00,98120.05351723803
2026-07-08 12:00:00+00:00,98120.05351723803
2026-07-08 16:00:00+00:00,98120.05351723803
2026-07-08 20:00:00+00:00,98120.05351723803
2026-07-09 00:00:00+00:00,98120.05351723803
2026-07-09 04:00:00+00:00,98120.05351723803
2026-07-09 08:00:00+00:00,98120.05351723803
2026-07-09 12:00:00+00:00,98120.05351723803
2026-07-09 16:00:00+00:00,98120.05351723803
2026-07-09 20:00:00+00:00,98120.05351723803
2026-07-10 00:00:00+00:00,98120.05351723803
2026-07-10 04:00:00+00:00,98120.05351723803
2026-07-10 08:00:00+00:00,98120.05351723803
2026-07-10 12:00:00+00:00,98120.05351723803
2026-07-10 16:00:00+00:00,98120.05351723803
2026-07-10 20:00:00+00:00,98120.05351723803
2026-07-11 00:00:00+00:00,98120.05351723803
2026-07-11 04:00:00+00:00,98120.05351723803
2026-07-11 08:00:00+00:00,98120.05351723803
2026-07-11 12:00:00+00:00,98120.05351723803
2026-07-11 16:00:00+00:00,98120.05351723803
2026-07-11 20:00:00+00:00,98120.05351723803
2026-07-12 00:00:00+00:00,98120.05351723803
2026-07-12 04:00:00+00:00,98120.05351723803
2026-07-12 08:00:00+00:00,98120.05351723803
2026-07-12 12:00:00+00:00,98120.05351723803
2026-07-12 16:00:00+00:00,98120.05351723803
2026-07-12 20:00:00+00:00,98120.05351723803
2026-07-13 00:00:00+00:00,98120.05351723803
2026-07-14 00:00:00+00:00,98120.05351723803
2026-07-14 04:00:00+00:00,98120.05351723803
2026-07-14 08:00:00+00:00,98120.05351723803
2026-07-14 12:00:00+00:00,98120.05351723803
2026-07-14 16:00:00+00:00,98120.05351723803
2026-07-14 20:00:00+00:00,98120.05351723803
2026-07-15 00:00:00+00:00,98120.05351723803
2026-07-15 04:00:00+00:00,98120.05351723803
2026-07-15 08:00:00+00:00,98120.05351723803
2026-07-15 12:00:00+00:00,98120.05351723803
2026-07-15 16:00:00+00:00,98120.05351723803
2026-07-15 20:00:00+00:00,98120.05351723803
2026-07-16 00:00:00+00:00,98120.05351723803
2026-07-16 04:00:00+00:00,98120.05351723803
2026-07-16 08:00:00+00:00,98120.05351723803
2026-07-16 12:00:00+00:00,98120.05351723803
2026-07-16 16:00:00+00:00,98120.05351723803
2026-07-16 20:00:00+00:00,98120.05351723803
2026-07-17 00:00:00+00:00,98120.05351723803
2026-07-17 04:00:00+00:00,98120.05351723803
2026-07-17 08:00:00+00:00,98120.05351723803
2026-07-17 12:00:00+00:00,98120.05351723803
2026-07-17 16:00:00+00:00,98120.05351723803
2026-07-17 20:00:00+00:00,98120.05351723803
2026-07-18 00:00:00+00:00,98120.05351723803
2026-07-18 04:00:00+00:00,98120.05351723803
2026-07-18 08:00:00+00:00,98120.05351723803
2026-07-18 12:00:00+00:00,98120.05351723803
2026-07-18 16:00:00+00:00,98120.05351723803
2026-07-18 20:00:00+00:00,98120.05351723803
2026-07-19 00:00:00+00:00,98120.05351723803
2026-07-19 04:00:00+00:00,98120.05351723803
2026-07-19 08:00:00+00:00,98120.05351723803
2026-07-19 12:00:00+00:00,98120.05351723803
2026-07-19 16:00:00+00:00,98120.05351723803
2026-07-19 20:00:00+00:00,98120.05351723803
2026-07-20 00:00:00+00:00,98120.05351723803
2026-07-20 04:00:00+00:00,98120.05351723803
2026-07-20 08:00:00+00:00,98120.05351723803
2026-07-20 12:00:00+00:00,98120.05351723803
2026-07-20 16:00:00+00:00,98120.05351723803
2026-07-20 20:00:00+00:00,98120.05351723803
2026-07-21 00:00:00+00:00,98120.05351723803
2026-07-21 04:00:00+00:00,98120.05351723803
2026-07-21 08:00:00+00:00,98120.05351723803
2026-07-21 12:00:00+00:00,98120.05351723803
2026-07-21 16:00:00+00:00,98120.05351723803
2026-07-21 20:00:00+00:00,98120.05351723803
2026-07-22 00:00:00+00:00,98120.05351723803
2026-07-22 04:00:00+00:00,98120.05351723803
2026-07-22 08:00:00+00:00,98120.05351723803
2026-07-22 12:00:00+00:00,98120.05351723803
2026-07-22 16:00:00+00:00,98120.05351723803
2026-07-22 20:00:00+00:00,98120.05351723803
2026-07-23 00:00:00+00:00,98120.05351723803
2026-07-23 04:00:00+00:00,98120.05351723803
2026-07-23 08:00:00+00:00,98120.05351723803
2026-07-23 12:00:00+00:00,98120.05351723803
2026-07-23 16:00:00+00:00,98120.05351723803
2026-07-23 20:00:00+00:00,98120.05351723803
2026-07-24 00:00:00+00:00,98120.05351723803
2026-07-24 04:00:00+00:00,98120.05351723803
2026-07-24 08:00:00+00:00,98120.05351723803
2026-07-24 12:00:00+00:00,98120.05351723803
2026-07-24 16:00:00+00:00,98120.05351723803
2026-07-24 20:00:00+00:00,98120.05351723803
2026-07-25 00:00:00+00:00,98120.05351723803
2026-07-25 04:00:00+00:00,98120.05351723803
2026-07-25 08:00:00+00:00,98120.05351723803
2026-07-25 12:00:00+00:00,98120.05351723803
2026-07-25 16:00:00+00:00,98120.05351723803
2026-07-25 20:00:00+00:00,98120.05351723803
2026-07-26 00:00:00+00:00,98120.05351723803
2026-07-26 04:00:00+00:00,98120.05351723803
2026-07-26 08:00:00+00:00,98120.05351723803
2026-07-26 12:00:00+00:00,98120.05351723803
2026-07-26 16:00:00+00:00,98120.05351723803
2026-07-26 20:00:00+00:00,98120.05351723803
2026-07-27 00:00:00+00:00,98120.05351723803
2026-07-27 04:00:00+00:00,98120.05351723803
2026-07-27 08:00:00+00:00,98120.05351723803
2026-07-27 12:00:00+00:00,98120.05351723803
2026-07-27 16:00:00+00:00,98120.05351723803
2026-07-27 20:00:00+00:00,98120.05351723803
2026-07-28 00:00:00+00:00,98120.05351723803
2026-07-28 04:00:00+00:00,98120.05351723803
2026-07-28 08:00:00+00:00,98120.05351723803
2026-07-28 12:00:00+00:00,98120.05351723803
2026-07-28 16:00:00+00:00,98120.05351723803
2026-07-28 20:00:00+00:00,98120.05351723803
2026-07-29 00:00:00+00:00,98120.05351723803
2026-07-29 04:00:00+00:00,98120.05351723803
2026-07-29 08:00:00+00:00,98120.05351723803
2026-07-29 12:00:00+00:00,98120.05351723803
2026-07-29 16:00:00+00:00,98120.05351723803
2026-07-29 20:00:00+00:00,98120.05351723803
2026-07-30 00:00:00+00:00,98120.05351723803
2026-07-30 04:00:00+00:00,98120.05351723803
2026-07-30 08:00:00+00:00,98120.05351723803
2026-07-30 12:00:00+00:00,98120.05351723803
2026-07-30 16:00:00+00:00,98120.05351723803
2026-07-30 20:00:00+00:00,98120.05351723803
2026-07-31 00:00:00+00:00,98120.05351723803
2026-07-31 04:00:00+00:00,98120.05351723803
2026-07-31 08:00:00+00:00,98120.05351723803
2026-07-31 12:00:00+00:00,98120.05351723803
2026-07-31 16:00:00+00:00,98120.05351723803
2026-07-31 20:00:00+00:00,98120.05351723803
2026-08-01 00:00:00+00:00,98120.05351723803
2026-08-01 04:00:00+00:00,98120.05351723803
2026-08-01 08:00:00+00:00,98120.05351723803
2026-08-01 12:00:00+00:00,98120.05351723803
2026-08-01 16:00:00+00:00,98120.05351723803
2026-08-01 20:00:00+00:00,98120.05351723803
2026-08-02 00:00:00+00:00,98120.05351723803
2026-08-02 04:00:00+00:00,98120.05351723803
2026-08-02 08:00:00+00:00,98120.05351723803
2026-08-02 12:00:00+00:00,98120.05351723803
2026-08-02 16:00:00+00:00,98120.05351723803
2026-08-02 20:00:00+00:00,98120.05351723803
2026-08-03 00:00:00+00:00,98120.05351723803
2026-08-03 04:00:00+00:00,98120.05351723803
2026-08-03 08:00:00+00:00,98120.05351723803
2026-08-03 12:00:00+00:00,98120.05351723803
2026-08-03 16:00:00+00:00,98120.05351723803
2026-08-03 20:00:00+00:00,98120.05351723803
2026-08-04 00:00:00+00:00,98120.05351723803
2026-08-04 04:00:00+00:00,98120.05351723803
2026-08-04 08:00:00+00:00,98120.05351723803
2026-08-04 12:00:00+00:00,98120.05351723803
2026-08-04 16:00:00+00:00,98120.05351723803
2026-08-04 20:00:00+00:00,98120.05351723803
2026-08-05 00:00:00+00:00,98120.05351723803
2026-08-05 04:00:00+00:00,98120.05351723803
2026-08-05 08:00:00+00:00,98120.05351723803
2026-08-05 12:00:00+00:00,98120.05351723803
2026-08-05 16:00:00+00:00,98120.05351723803
2026-08-05 20:00:00+00:00,98120.05351723803
2026-08-06 00:00:00+00:00,98120.05351723803
2026-08-06 04:00:00+00:00,98120.05351723803
2026-08-06 08:00:00+00:00,98120.05351723803
2026-08-06 12:00:00+00:00,98120.05351723803
2026-08-06 16:00:00+00:00,98120.05351723803
2026-08-06 20:00:00+00:00,98120.05351723803
2026-08-07 00:00:00+00:00,98120.05351723803
2026-08-07 04:00:00+00:00,98120.05351723803
2026-08-07 08:00:00+00:00,98120.05351723803
2026-08-07 12:00:00+00:00,98120.05351723803
2026-08-07 16:00:00+00:00,98120.05351723803
2026-08-07 20:00:00+00:00,98120.05351723803
2026-08-08 00:00:00+00:00,98120.05351723803
2026-08-08 04:00:00+00:00,98120.05351723803
2026-08-08 08:00:00+00:00,98120.05351723803
2026-08-08 12:00:00+00:00,98120.05351723803
2026-08-08 16:00:00+00:00,98120.05351723803
2026-08-08 20:00:00+00:00,98120.05351723803
2026-08-09 00:00:00+00:00,98120.05351723803
2026-08-09 04:00:00+00:00,98120.05351723803
2026-08-09 08:00:00+00:00,98120.05351723803
2026-08-09 12:00:00+00:00,98120.05351723803
2026-08-09 16:00:00+00:00,98120.05351723803
2026-08-09 20:00:00+00:00,98120.05351723803
2026-08-10 00:00:00+00:00,98120.05351723803
2026-08-10 04:00:00+00:00,98120.05351723803
2026-08-10 08:00:00+00:00,98120.05351723803
2026-08-10 12:00:00+00:00,98120.05351723803
2026-08-10 16:00:00+00:00,98120.05351723803
2026-08-10 20:00:00+00:00,98120.05351723803
2026-08-11 00:00:00+00:00,98120.05351723803
2026-08-11 04:00:00+00:00,98120.05351723803
2026-08-11 08:00:00+00:00,98120.05351723803
2026-08-11 12:00:00+00:00,98120.05351723803
2026-08-11 16:00:00+00:00,98120.05351723803
2026-08-11 20:00:00+00:00,98120.05351723803
2026-08-12 00:00:00+00:00,98120.05351723803
2026-08-12 04:00:00+00:00,98120.05351723803
2026-08-12 08:00:00+00:00,98120.05351723803
2026-08-12 12:00:00+00:00,98120.05351723803
2026-08-12 16:00:00+00:00,98120.05351723803
2026-08-12 20:00:00+00:00,98120.05351723803
2026-08-13 00:00:00+00:00,98120.05351723803
2026-08-13 04:00:00+00:00,98120.05351723803
2026-08-13 08:00:00+00:00,98120.05351723803
2026-08-13 12:00:00+00:00,98120.05351723803
2026-08-13 16:00:00+00:00,98120.05351723803
2026-08-13 20:00:00+00:00,98120.05351723803
2026-08-14 00:00:00+00:00,98120.05351723803
2026-08-14 04:00:00+00:00,98120.05351723803
2026-08-14 08:00:00+00:00,98120.05351723803
2026-08-14 12:00:00+00:00,98120.05351723803
2026-08-14 16:00:00+00:00,98120.05351723803
2026-08-14 20:00:00+00:00,98120.05351723803
2026-08-15 00:00:00+00:00,98120.05351723803
2026-08-15 04:00:00+00:00,98120.05351723803
2026-08-15 08:00:00+00:00,98120.05351723803
2026-08-15 12:00:00+00:00,98120.05351723803
2026-08-15 16:00:00+00:00,98120.05351723803
2026-08-15 20:00:00+00:00,98120.05351723803
2026-08-16 00:00:00+00:00,98120.05351723803
2026-08-16 04:00:00+00:00,98120.05351723803
2026-08-16 08:00:00+00:00,98120.05351723803
2026-08-16 12:00:00+00:00,98120.05351723803
2026-08-16 16:00:00+00:00,98120.05351723803
2026-08-16 20:00:00+00:00,98120.05351723803
2026-08-17 00:00:00+00:00,98120.05351723803
2026-08-17 04:00:00+00:00,98120.05351723803
2026-08-17 08:00:00+00:00,98120.05351723803
2026-08-17 12:00:00+00:00,98120.05351723803
2026-08-17 16:00:00+00:00,98120.05351723803
2026-08-17 20:00:00+00:00,98120.05351723803
2026-08-18 00:00:00+00:00,98120.05351723803
2026-08-18 04:00:00+00:00,98120.05351723803
2026-08-18 08:00:00+00:00,98120.05351723803
2026-08-18 12:00:00+00:00,98120.05351723803
2026-08-18 16:00:00+00:00,98120.05351723803
2026-08-18 20:00:00+00:00,98120.05351723803
2026-08-19 00:00:00+00:00,98120.05351723803
2026-08-19 04:00:00+00:00,98120.05351723803
2026-08-19 08:00:00+00:00,98120.05351723803
2026-08-19 12:00:00+00:00,98120.05351723803
2026-08-19 16:00:00+00:00,98120.05351723803
2026-08-19 20:00:00+00:00,98120.05351723803
2026-08-20 00:00:00+00:00,98120.05351723803
2026-08-20 04:00:00+00:00,98120.05351723803
2026-08-20 08:00:00+00:00,98120.05351723803
2026-08-20 12:00:00+00:00,98120.05351723803
2026-08-20 16:00:00+00:00,98120.05351723803
2026-08-20 20:00:00+00:00,98120.05351723803
2026-08-21 00:00:00+00:00,98120.05351723803
2026-08-21 04:00:00+00:00,98120.05351723803
2026-08-21 08:00:00+00:00,98120.05351723803
2026-08-21 12:00:00+00:00,98120.05351723803
2026-08-21 16:00:00+00:00,98120.05351723803
2026-08-21 20:00:00+00:00,98120.05351723803
2026-08-22 00:00:00+00:00,98120.05351723803
2026-08-22 04:00:00+00:00,98120.05351723803
2026-08-22 08:00:00+00:00,98120.05351723803
2026-08-22 12:00:00+00:00,98120.05351723803
2026-08-22 16:00:00+00:00,98120.05351723803
2026-08-22 20:00:00+00:00,98120.05351723803
2026-08-23 00:00:00+00:00,98120.05351723803
2026-08-23 04:00:00+00:00,98120.05351723803
2026-08-23 08:00:00+00:00,98120.05351723803
2026-08-23 12:00:00+00:00,98120.05351723803
2026-08-23 16:00:00+00:00,98120.05351723803
2026-08-23 20:00:00+00:00,98120.05351723803
2026-08-24 00:00:00+00:00,98120.05351723803
2026-08-24 04:00:00+00:00,98120.05351723803
2026-08-24 08:00:00+00:00,98120.05351723803
2026-08-24 12:00:00+00:00,98120.05351723803
2026-08-24 16:00:00+00:00,98120.05351723803
2026-08-24 20:00:00+00:00,98120.05351723803
2026-08-25 00:00:00+00:00,98120.05351723803
2026-08-25 04:00:00+00:00,98120.05351723803
2026-08-25 08:00:00+00:00,98120.05351723803
2026-08-25 12:00:00+00:00,98120.05351723803
2026-08-25 16:00:00+00:00,98120.05351723803
2026-08-25 20:00:00+00:00,98120.05351723803
2026-08-26 00:00:00+00:00,98120.05351723803
2026-08-26 04:00:00+00:00,98120.05351723803
2026-08-26 08:00:00+00:00,98120.05351723803
2026-08-26 12:00:00+00:00,98120.05351723803
2026-08-26 16:00:00+00:00,98120.05351723803
2026-08-26 20:00:00+00:00,98120.05351723803
2026-08-27 00:00:00+00:00,98120.05351723803
2026-08-27 04:00:00+00:00,98120.05351723803
2026-08-27 08:00:00+00:00,98120.05351723803
2026-08-27 12:00:00+00:00,98120.05351723803
2026-08-27 16:00:00+00:00,98120.05351723803
2026-08-27 20:00:00+00:00,98120.05351723803
2026-08-28 00:00:00+00:00,98120.05351723803
2026-08-28 04:00:00+00:00,98120.05351723803
2026-08-28 08:00:00+00:00,98120.05351723803
2026-08-28 12:00:00+00:00,98120.05351723803
2026-08-28 16:00:00+00:00,98120.05351723803
2026-08-28 20:00:00+00:00,98120.05351723803
2026-08-29 00:00:00+00:00,98120.05351723803
2026-08-29 04:00:00+00:00,98120.05351723803
2026-08-29 08:00:00+00:00,98120.05351723803
2026-08-29 12:00:00+00:00,98120.05351723803
2026-08-29 16:00:00+00:00,98120.05351723803
2026-08-29 20:00:00+00:00,98120.05351723803
2026-08-30 00:00:00+00:00,98120.05351723803
2026-08-30 04:00:00+00:00,98120.05351723803
2026-08-30 08:00:00+00:00,98120.05351723803
2026-08-30 12:00:00+00:00,98120.05351723803
2026-08-30 16:00:00+00:00,98120.05351723803
2026-08-30 20:00:00+00:00,98120.05351723803
2026-08-31 00:00:00+00:00,98120.05351723803
2026-08-31 04:00:00+00:00,98120.05351723803
2026-08-31 08:00:00+00:00,98120.05351723803
2026-08-31 12:00:00+00:00,98120.05351723803
2026-08-31 16:00:00+00:00,98120.05351723803
2026-08-31 20:00:00+00:00,98120.05351723803
2026-09-01 00:00:00+00:00,98120.05351723803
2026-09-01 04:00:00+00:00,98120.05351723803
2026-09-01 08:00:00+00:00,98120.05351723803
2026-09-01 12:00:00+00:00,98120.05351723803
2026-09-01 16:00:00+00:00,98120.05351723803
2026-09-01 20:00:00+00:00,98120.05351723803
2026-09-02 00:00:00+00:00,98120.05351723803
2026-09-02 04:00:00+00:00,98120.05351723803
2026-09-02 08:00:00+00:00,98120.05351723803
2026-09-02 12:00:00+00:00,98120.05351723803
2026-09-02 16:00:00+00:00,98120.05351723803
2026-09-02 20:00:00+00:00,98120.05351723803
2026-09-03 00:00:00+00:00,98120.05351723803
2026-09-03 04:00:00+00:00,98120.05351723803
2026-09-03 08:00:00+00:00,98120.05351723803
2026-09-03 12:00:00+00:00,98120.05351723803
2026-09-03 16:00:00+00:00,98120.05351723803
2026-09-03 20:00:00+00:00,98120.05351723803
2026-09-04 00:00:00+00:00,98120.05351723803
2026-09-04 04:00:00+00:00,98120.05351723803
2026-09-04 08:00:00+00:00,98120.05351723803
2026-09-04 12:00:00+00:00,98120.05351723803
2026-09-04 16:00:00+00:00,98120.05351723803
2026-09-04 20:00:00+00:00,98120.05351723803
2026-09-05 00:00:00+00:00,98120.05351723803
2026-09-05 04:00:00+00:00,98120.05351723803
2026-09-05 08:00:00+00:00,98120.05351723803
2026-09-05 12:00:00+00:00,98120.05351723803
2026-09-05 16:00:00+00:00,98120.05351723803
2026-09-05 20:00:00+00:00,98120.05351723803
2026-09-06 00:00:00+00:00,98120.05351723803
2026-09-06 04:00:00+00:00,98120.05351723803
2026-09-06 08:00:00+00:00,98120.05351723803
2026-09-06 12:00:00+00:00,98120.05351723803
2026-09-06 16:00:00+00:00,98120.05351723803
2026-09-06 20:00:00+00:00,98120.05351723803
2026-09-07 00:00:00+00:00,98120.05351723803
2026-09-07 04:00:00+00:00,98120.05351723803
2026-09-07 08:00:00+00:00,98120.05351723803
2026-09-07 12:00:00+00:00,98120.05351723803
2026-09-07 16:00:00+00:00,98120.05351723803
2026-09-07 20:00:00+00:00,98120.05351723803
2026-09-08 00:00:00+00:00,98120.05351723803
2026-09-08 04:00:00+00:00,98120.05351723803
2026-09-08 08:00:00+00:00,98120.05351723803
2026-09-08 12:00:00+00:00,98120.05351723803
2026-09-08 16:00:00+00:00,98120.05351723803
2026-09-08 20:00:00+00:00,98120.05351723803
2026-09-09 00:00:00+00:00,98120.05351723803
2026-09-09 04:00:00+00:00,98120.05351723803
2026-09-09 08:00:00+00:00,98120.05351723803
2026-09-09 12:00:00+00:00,98120.05351723803
2026-09-09 16:00:00+00:00,98120.05351723803
2026-09-09 20:00:00+00:00,98120.05351723803
2026-09-10 00:00:00+00:00,98120.05351723803
2026-09-10 04:00:00+00:00,98120.05351723803
2026-09-10 08:00:00+00:00,98120.05351723803
2026-09-10 12:00:00+00:00,98120.05351723803
2026-09-10 16:00:00+00:00,98120.05351723803
2026-09-10 20:00:00+00:00,98120.05351723803
2026-09-11 00:00:00+00:00,98156.39398509388
2026-09-11 04:00:00+00:00,98199.45023712846
2026-09-11 08:00:00+00:00,98175.77991435127
2026-09-11 12:00:00+00:00,98262.88189499771
2026-09-11 16:00:00+00:00,98206.76815752334
2026-09-11 20:00:00+00:00,98200.61797972878
2026-09-12 00:00:00+00:00,98207.10265669016
2026-09-12 04:00:00+00:00,98206.81723075442
2026-09-12 08:00:00+00:00,98217.43106958634
2026-09-12 12:00:00+00:00,98220.52969360465
2026-09-12 16:00:00+00:00,98187.38723573853
2026-09-12 20:00:00+00:00,98208.02503313517
2026-09-13 00:00:00+00:00,98196.4427491107
2026-09-13 04:00:00+00:00,98186.71423142686
2026-09-13 08:00:00+00:00,98142.9949900257
2026-09-13 12:00:00+00:00,98127.39216587087
