iteration,mean_spread
0,-6.890116028993003e-05
1,-0.0001479120079656468
2,-4.384150870135993e-05
3,0.00013243468659778466
4,-0.00024598830662309767
5,3.3022802993709384e-05
6,-0.00017646721983198018
7,-0.0001546103991551055
8,0.00017125283129445734
9,-0.00019607011601394697
10,-0.00022419782333519297
11,-7.941423000191872e-05
12,0.00014772083276376152
13,-0.00016491135024030476
14,-0.00027928855530460556
15,-0.0004921067141084181
16,-0.00014346815459307066
17,0.0003218136936653537
18,-0.00014930749080641707
19,-0.00018167722601957688
20,-8.13900019567887e-05
21,-0.00017668833581678168
22,1.0354836068143978e-05
23,-0.00031574264807395305
24,-1.3978169992029604e-05
25,-0.00018892637316178802
26,2.295687956278526e-05
27,-0.00020987682715522193
28,-0.0002808489769234798
29,-0.000331319430040584
30,-0.0003813924594799069
31,-3.8575366931008726e-05
32,-0.00022851396332342254
33,-0.00021667764882193937
34,-0.00023378063212751028
35,1.2410418009594357e-05
36,-0.00031174410445549534
37,-0.0003501280278148332
38,-4.728058176053452e-05
39,8.365069522902143e-05
40,0.00013262153395158046
41,-0.0005741106323263465
42,5.99432202428627e-05
43,-0.00019895797085909417
44,4.3675087689354135e-05
45,-4.047893247090086e-05
46,8.790341294354809e-05
47,0.00022798392804886848
48,-0.00016650277976860427
49,4.410953434821769e-05
50,0.00021648381277221662
51,-0.00038613176523503425
52,2.827605433680686e-05
53,-4.182330759094328e-05
54,-0.0002853026670380772
55,-0.00036399025050592543
56,0.00016017502437837432
57,0.00013119544538752227
58,7.778967621246822e-05
59,8.905311834152727e-05
60,-0.00027828976707726724
61,-0.00029726956892647474
62,-5.4632447613366357e-05
63,-0.00016899893488581642
64,6.342855177100736e-05
65,0.0001390890276464164
66,-0.00028998103366007795
67,-0.00022769572782970046
68,-0.00026708289016504517
69,7.029660447515153e-05
70,-0.0002693907280324077
71,-0.0003479212277055506
72,-0.0002458696483131134
73,-0.0002462270508046175
74,-0.0002550512551149487
75,-9.377829920460807e-05
76,3.251756607563693e-05
77,-0.00041736432463368634
78,-0.00020126686123898382
79,-7.679595455466453e-05
80,0.00027172712275708817
81,8.692770427350056e-05
82,-1.143100693465054e-05
83,-9.921142604476792e-05
84,-0.00011648543177121955
85,-0.0002238475172187613
86,-0.00016661711919966713
87,-9.139863961095766e-05
88,-4.8111743481323985e-05
89,-0.00021499386824400238
90,-0.00013667883939973065
91,-0.00022691694255317773
92,-0.0002004299229376239
93,-3.793171484938372e-05
94,-0.00010274036242538782
95,-0.0003240330865202315
96,-0.00019077248072126815
97,-5.3124154527257474e-05
98,-9.081700377916293e-05
99,-0.00012514705528508528
100,-0.00014609649722612187
101,-0.00014507979177841694
102,1.2565774908886938e-05
103,3.0352374773497728e-05
104,-8.225282076116641e-05
105,-0.00023792778436289497
106,7.430226078106318e-06
107,-0.00029395294137188864
108,-0.00017817186418454066
109,-0.00017939253843722938
110,-0.00023802979186491612
111,-7.723625588377041e-05
112,0.00017095958625463705
113,-0.00012382619353428468
114,-2.658846202275743e-05
115,-2.559898296770905e-05
116,-0.00037982789252717056
117,-8.479280032247021e-05
118,-0.0003133457131912002
119,-1.6287076154281864e-05
120,-0.00026581146440292586
121,-0.00018872057185037076
122,-0.00018281789624665404
123,-0.00014446430689869224
124,-0.00030803610034752085
125,2.1609206334250904e-06
126,-8.207868782931748e-05
127,-0.00013758195419481264
128,-2.1317230130869133e-05
129,-0.0002935250690545821
130,0.0001424592441576714
131,-9.000079140288237e-05
132,-0.0004553970313445069
133,2.2856494485055573e-05
134,-0.00012282521417192853
135,-0.00034423861860583807
136,-8.875763896385115e-06
137,1.3191349258379926e-05
138,-0.000417727331932132
139,1.1481632595101814e-05
140,-0.0003253481594366939
141,-0.0002099609482710248
142,-0.0002372609990180103
143,-4.000946931277375e-05
144,-0.00012634791064880673
145,-0.0001701513559050492
146,-0.00026494385727516125
147,-9.902628301585352e-05
148,-8.982108073418692e-05
149,-0.0002473411596178239
150,-0.00026178208017861213
151,-0.00042121348645839183
152,-0.0003808008839137263
153,4.067957591211152e-05
154,-0.00029866595493068497
155,-8.86998177933379e-05
156,-0.0005159328657536455
157,3.599926156352286e-05
158,4.4753652847297506e-05
159,-0.00016403390808661015
160,-0.0001683885291762361
161,0.00015549006353913605
162,-7.860377297419002e-05
163,-0.0001756518958543265
164,-0.000235418153432516
165,-3.557230212004199e-05
166,-0.00016505725532447736
167,-2.8493491688824143e-05
168,-0.00045394550187101076
169,0.0001790890233067854
170,-8.551554773136986e-05
171,-8.688387923772259e-05
172,-0.0002434537563824708
173,-7.607996018862921e-05
174,-0.00021626118855662283
175,-0.0001616892281106488
176,-1.5158943679989262e-06
177,-0.0002773438409625547
178,-5.58548594325463e-05
179,-7.731245517832202e-05
180,-0.00014529938392440636
181,-0.00017745750956228164
182,2.508593693240454e-05
183,-0.00015179571216243886
184,-0.0001467534982377008
185,-0.00017729193146030976
186,-0.0001762723881654538
187,-0.0003514883275783958
188,-0.000328783050974258
189,-0.00018419616099482066
190,-8.12555236570883e-05
191,-0.00025681306864486095
192,-0.00019928138475039047
193,-9.409860269340315e-05
194,5.7695584121414373e-05
195,-0.00019105653195206044
196,-0.0001382938532688078
197,-0.00015629445424006341
198,-0.00034819940981876545
199,-0.00012813413098614705
200,-8.729309677200132e-05
201,-0.00021920379580345044
202,-0.00032985138475499277
203,0.0001176312628198864
204,1.9381096244408584e-05
205,-0.00015351394994439144
206,-1.3018934432746083e-07
207,-0.00019695076794987867
208,-0.0003858454015406119
209,-0.000310717339890217
210,-8.55120209201539e-05
211,6.675345109809776e-05
212,-0.00019651362355767085
213,0.0001322043930735135
214,4.406450619000431e-05
215,-0.00012150207000548222
216,0.0002564012525378193
217,-0.0002282718526173669
218,1.432876616226121e-06
219,9.816610818188013e-05
220,-8.657213180414809e-05
221,-9.328836686118677e-05
222,3.9467824050214506e-05
223,5.351894560429734e-06
224,-8.61932771077497e-06
225,-0.0005124424867297994
226,5.826248126789986e-05
227,-0.00030729619023018196
228,-0.00042068456049116314
229,0.00013176280679806616
230,0.00012019771722363636
231,-0.0002553649953520824
232,-9.788408093156085e-05
233,-8.071019755311637e-05
234,-0.00015475128379204928
235,-0.00012016640343357221
236,-0.0003455816404901314
237,6.540988337089177e-05
238,-5.8202848006784255e-05
239,-6.448909090761042e-05
240,-0.00010192006527922289
241,3.1786591097291966e-05
242,-8.404951101477075e-05
243,-0.00033533270432983277
244,-0.0002859312361770568
245,9.077823354030861e-05
246,-0.00034508128669995085
247,0.00015510223218469783
248,-4.0593519829962085e-05
249,-0.00027946465381575267
250,-6.9376345276147e-05
251,-0.0003757664651226114
252,-5.982183116797726e-05
253,-1.863207765275748e-05
254,-6.439839858574139e-05
255,-0.0003147285999981941
256,-0.00012913027668647582
257,-8.603711246857643e-05
258,-9.500071423003711e-05
259,0.0001519392754200933
260,0.00021364534145217553
261,-0.00024448625304497574
262,-0.00013869170241241694
263,-8.555458167480876e-05
264,-0.00018001087352080203
265,-0.00030325869710773573
266,-7.740353425062419e-05
267,-0.0006171311258923822
268,-0.0003636932978963015
269,-0.00019610584504108574
270,7.820224996332343e-05
271,-0.00010863674272980749
272,2.3102169971408577e-05
273,-0.0003430920163897221
274,4.586237300160615e-05
275,-0.0003069526192566654
276,-0.00024060895124921442
277,-0.0004129498152367394
278,-0.00011498667213781765
279,-0.00016044893063486184
280,-3.188835867116693e-05
281,-9.936641576816971e-05
282,-1.9184893699011877e-05
283,2.03197482334166e-05
284,-0.00013485303498288453
285,-0.00010676886722960215
286,-9.767371044140817e-05
287,-0.00026274662438458636
288,7.986071135348715e-05
289,1.7792045748905005e-05
290,-0.00042871873644576263
291,7.752180722470387e-05
292,-7.120825721015485e-05
293,-0.0001373822369821828
294,-0.00025136786671013515
295,-5.8188498172675454e-05
296,-0.00013410360677061043
297,-0.00014699067630976836
298,-2.813305977309221e-05
299,-1.0757262634418381e-05
300,6.792307881226907e-05
301,-0.0002166872220288399
302,-0.00015442621808408542
303,-0.0006352473505755861
304,-0.0003789087442501616
305,-0.00010621970418572647
306,-4.044713428897715e-05
307,-0.00015457211375596955
308,5.50887107877684e-05
309,1.418407925005209e-05
310,-0.00020895417904197107
311,3.7816299387790436e-05
312,-0.00011602131535910979
313,-0.0006043841070899697
314,1.5108381848699199e-05
315,-0.0003027648219014256
316,-0.00010254898760557705
317,-0.0004683554044174885
318,0.00010562764627616585
319,1.7230718210626587e-05
320,-5.363657941845822e-05
321,-0.0004382260866628493
322,0.00025437984894578135
323,-0.00016102858414757413
324,-0.00026573635853093533
325,3.4208476515877404e-05
326,-4.848001368952891e-05
327,2.5612591986205043e-05
328,-1.4785462552306053e-05
329,-0.00026803022729936834
330,-0.00023381734205344195
331,7.476822194283579e-06
332,-0.0002215356293811725
333,-0.00016471644599646605
334,-0.0003605628705892542
335,-0.0001308667605149204
336,1.5957350697291075e-05
337,9.178739921434373e-05
338,-7.171596629112779e-05
339,7.970721650371387e-05
340,-9.541098178086248e-05
341,-0.00017558791638205612
342,-0.00017994068449593456
343,-0.00017702095798358288
344,-7.503467164941505e-06
345,-0.0004030284475270489
346,-0.000457642115996633
347,0.0002958593297314255
348,2.7478525477513617e-05
349,-0.00011354128502054745
350,-0.00028638307121442913
351,-0.0003628807181228584
352,-0.00028435185435903444
353,-0.0001841263553369328
354,0.00010459086816969138
355,-0.00020701197324166995
356,-6.205118940055499e-05
357,-9.648386900616005e-05
358,-0.00021142960242741536
359,-0.00041950620143533043
360,-0.00016383121470257264
361,-0.00024378213858499448
362,-0.00016815257923144018
363,-9.826508811485364e-05
364,-5.788627960782703e-05
365,-9.547151391930666e-06
366,-0.00012415223468896812
367,-8.00631716031989e-05
368,-0.0001985613018867288
369,1.782986167102535e-05
370,5.6211206819997104e-05
371,-0.0005497077784357555
372,-6.185310668949538e-05
373,-8.600275904756465e-05
374,-0.00017330138391640187
375,-3.1080280568187546e-05
376,-4.3694003104099353e-05
377,0.00010488459140430074
378,-6.720354739144998e-05
379,4.21284181928107e-05
380,-0.00021350848350212582
381,-3.6115212827400616e-05
382,9.935694675029821e-05
383,6.216006750928549e-05
384,-5.1598131004380815e-05
385,-2.784845860800273e-05
386,-9.892076446293361e-05
387,-0.0001200444106061463
388,0.00035684967007904614
389,-0.00011014947026027812
390,-0.00010828314768338177
391,0.0002696472549684967
392,-0.00027339619932406346
393,2.9031705997296184e-05
394,-2.6907862693745967e-05
395,-0.0001523985543431795
396,7.26748092682094e-05
397,4.684976912897203e-05
398,-0.0002392419660874507
399,-6.373949681394299e-05
400,-5.274891732527268e-05
401,-0.00010641161412725318
402,-5.302030777418091e-06
403,-0.0004027655552783499
404,-0.00027770678580254685
405,-0.000246728431033324
406,1.606551995824091e-05
407,-6.20794247813437e-05
408,-0.0002191161829822982
409,-4.3231986738255e-05
410,-0.00010275388393111396
411,2.0338073891215992e-05
412,-0.0005595313473136747
413,-0.0004606672228779242
414,6.73994782766605e-05
415,-0.0001832372608851836
416,-0.00010684922514531113
417,5.6710776320228585e-05
418,-0.00018131897892159388
419,-0.00022920238708113263
420,0.00013787476559695024
421,-0.0003783583684913259
422,-0.0002875389511890164
423,-0.00031048597832489803
424,-0.00014033319983457765
425,-1.3101127337009805e-05
426,-0.00022758617418865382
427,-0.00024562916375498513
428,-0.0002863607848342277
429,-0.00032463330609595566
430,-0.00022608983047521514
431,0.0003038986056834114
432,-7.964973916756153e-05
433,-0.00032317339726756596
434,-0.00016043629666108954
435,-6.314734710048721e-05
436,0.00023420860557449446
437,-0.0003086096701776455
438,-0.00013476709687104083
439,-0.00012602583585701252
440,0.0001176719091830636
441,-7.830005666226256e-05
442,-0.0003240437216264241
443,-0.00021382162951528945
444,-0.0003838161558316209
445,6.039666887846814e-05
446,2.448915995305293e-05
447,5.5960733363604144e-08
448,-0.0002284688382803738
449,-0.00013421984764467286
450,-0.0003361842470101425
451,-4.1937411746332425e-05
452,-0.00019586707642429337
453,6.81020800639858e-05
454,-0.00029118875812567016
455,4.203290317775505e-06
456,-0.00011772468481746992
457,-6.552034660046229e-05
458,0.00027029565425451226
459,-0.00014345029750867738
460,-0.0003441318806726091
461,-0.0001559444257223353
462,-0.00043789667413071106
463,-5.970856170808403e-05
464,4.9273075168571204e-05
465,-0.0003006472998847837
466,0.00010018837291276382
467,-0.00021388089096624453
468,-8.53241569907112e-05
469,0.0003460665985892305
470,-0.00020500473921842625
471,0.00017386123106254974
472,-5.5595267112646386e-05
473,3.302318057305919e-05
474,-9.027938249324067e-05
475,-0.00010652661957270918
476,-7.289920131041476e-05
477,1.7417771738107476e-06
478,-6.791114943816609e-05
479,-0.0002300271492740367
480,5.300390450193353e-05
481,-8.553109473526647e-05
482,-0.0003715487151928058
483,-1.8397047903268575e-05
484,-6.498757440710087e-05
485,-0.00018654370478583612
486,1.0046568840575994e-05
487,-1.3218470038270783e-05
488,-0.00010820626508132195
489,-0.00027404280607594146
490,-0.00031578422861493227
491,8.026344214592857e-05
492,-9.76354082655752e-06
493,-0.00018442717453876335
494,-8.18347502892828e-05
495,-0.0003087922271079831
496,0.00011277587089901546
497,-3.682302265130858e-05
498,-5.283577808142072e-05
499,4.8288111549264565e-05
500,0.00011917814501298964
501,-4.767619692169949e-05
502,-0.00029200712913661524
503,-0.00019957441730174936
504,-0.000250297657082896
505,-0.00028323396562923594
506,-5.640307104831003e-05
507,6.41003341292612e-05
508,-0.00020247332533934867
509,-9.807143062810413e-05
510,3.754800633818147e-05
511,-4.890668280020741e-06
512,-3.1978001232199155e-05
513,0.00010847241841046415
514,-0.00030153497397585234
515,0.00015190718629092386
516,-0.00025300765009311126
517,3.69559932040708e-05
518,5.7409152393129954e-05
519,-0.0001887539850197238
520,2.040707191984617e-05
521,-0.00015826834637677715
522,-0.00022275859747497684
523,4.7178206811379655e-05
524,8.561296723766426e-06
525,-0.00023155651218985092
526,-0.00018635616641557193
527,-0.0004028552810526995
528,-5.6114964188712045e-05
529,-0.00038511170738948335
530,0.00010800654341150471
531,-0.0003902111604851379
532,-0.000339490141015353
533,-0.00036024121599599867
534,-6.978089973003046e-05
535,-0.0002173207620156833
536,7.331419925094007e-05
537,0.00011753320958837248
538,5.743290402176879e-05
539,-0.00030158837125242126
540,-0.00010094411426744688
541,-0.0001989636494188019
542,-0.0001347049927132676
543,-0.0003016788934973679
544,-0.0002512930410919365
545,6.665117446130702e-05
546,-0.00017534492747889134
547,1.9424434879664695e-05
548,-0.0003870235402234211
549,-0.00026363568596008514
550,-7.5069656767909e-05
551,-2.1374182401970432e-05
552,4.420437436826826e-05
553,-0.0001686957940458873
554,-0.00011987303957993157
555,3.7347697686600455e-05
556,-0.00020227624479848518
557,0.00012097268550576979
558,-9.2124825864803e-05
559,-0.00027210253723895014
560,-0.00021276711827591165
561,-7.706943757398001e-05
562,0.0001740093518522076
563,-0.0003154782008772155
564,-5.658754107368069e-05
565,-0.00010772932741212615
566,-0.0003691451822370348
567,5.9513546492041715e-05
568,-0.0001694067819045963
569,0.00014425067536563536
570,-1.556136519210571e-06
571,-9.270676567539119e-05
572,0.00011806536871409959
573,6.221723925395723e-05
574,-0.0001467480286953473
575,1.5691054432349815e-05
576,-0.00018602605889755908
577,-0.0003870574090399438
578,-0.00014597990624861274
579,-0.0002503637622274408
580,-0.00020507747302070842
581,6.947568076065917e-05
582,-0.00019879060792082724
583,-0.0001838941527014869
584,-0.0001546656418713874
585,-0.00037248064473011886
586,-0.0001984329832520275
587,9.139257865405719e-05
588,-0.000274129744015369
589,-0.0001329362874182484
590,-0.00012925471920809865
591,-0.00031205876161656006
592,0.00024553919394241624
593,5.807166903266585e-05
594,-0.00023277423211457278
595,-0.00015382511816168986
596,-0.00014098010296091494
597,-0.000146342538169955
598,-0.0003489489199804188
599,-0.00017921940325067742
600,-0.0003574487100156076
601,-0.0001163943933541213
602,-3.9374406311807326e-05
603,7.843367024497652e-05
604,-4.972912803626817e-05
605,-2.166690306076945e-05
606,-5.538537170324009e-05
607,-2.8416365446358837e-05
608,-0.00027001794903921766
609,-0.0002539103520066109
610,-0.00012967822586437689
611,-0.00020152911220363854
612,-0.0002984745878970595
613,-5.029425098410791e-05
614,-0.00010758662232950737
615,-6.179747173555496e-05
616,-0.0001647138740164957
617,-0.0001725655911358919
618,-0.00010700210504686723
619,0.00018023431055720081
620,7.3453501920720695e-06
621,-0.00015179718343263677
622,-0.0003354040599326087
623,0.00023224056307833728
624,-0.0001682831954046809
625,0.00016707661562534077
626,-0.0003132126265397768
627,-0.0001432888744108563
628,-0.00028573677945846736
629,-0.00020932948590454096
630,0.00018185256130579344
631,-0.0004517711798345017
632,-0.0003427518581965401
633,-0.00013808953972909173
634,-0.00010950407262284054
635,8.24843147911024e-05
636,-0.0001942300148492736
637,-0.00039585548882560296
638,-1.0035698573959507e-05
639,-0.0003851408884100233
640,-0.00020084064538050702
641,-0.00012952720671465627
642,-0.0001987779292302708
643,-4.9395011519850995e-05
644,-0.00030744373147513786
645,-0.0002062307765348407
646,-0.00021257280346284824
647,9.445722114743112e-05
648,-0.00021980499132917398
649,0.00021143888327819398
650,-0.00025898450869171264
651,-0.0001055694896335325
652,-0.00024553728943918577
653,-0.00035398004984336397
654,-0.0001530001763327861
655,-0.0002162441981532231
656,-0.00022851492914828663
657,-0.000233998070345262
658,9.107990808535129e-05
659,0.0001025824099430992
660,6.741188137097965e-05
661,-0.00034407600927436623
662,-0.0003828744111724047
663,-0.0003003847779907629
664,0.00014072756956568305
665,-8.774858513730707e-05
666,0.00021363103414634167
667,-0.0002388535269180189
668,-6.535006364872932e-05
669,-0.00036660380569179124
670,-0.00014101082578776416
671,-5.199095019691557e-05
672,-0.000246081261159659
673,-3.506104964478777e-05
674,-0.00018542049600959556
675,-0.00016037293335430586
676,-0.00024293060622936289
677,-0.00025766801748709376
678,-4.6903266091639806e-05
679,-0.00019382102353819166
680,-0.0003085653979304308
681,-0.00014409643099885992
682,0.0001053673489417566
683,-0.00020725360637577272
684,-0.00027073240420841986
685,-0.00027823581060314005
686,-7.670530655557928e-05
687,-7.77926723381541e-05
688,2.0318821522682405e-05
689,3.163543764219151e-05
690,-0.00023799200417717287
691,-0.00010569013743207435
692,2.0645552297710874e-05
693,-0.00034676473787717495
694,-0.000287164885364567
695,0.00014037216060602326
696,-0.0001951784466453435
697,-0.00024078387754723933
698,0.00017840557490257883
699,1.4792130340826043e-05
700,-9.622681428170937e-05
701,0.00016553768687467966
702,4.2176973425303434e-05
703,-0.00015319054355624156
704,-0.00028003044908593805
705,6.651670048986738e-05
706,-2.354463095095143e-05
707,0.000143081063159646
708,3.0694637798724006e-05
709,-0.00014284773335520264
710,8.694599996648536e-05
711,-0.0001890072555736557
712,-0.00019406039903196683
713,-0.0002507320329794399
714,-9.515487921104821e-05
715,-0.0002641459845298208
716,-7.274526710432264e-05
717,-0.0001610747878690766
718,-0.00010774989281892011
719,-5.849296926256396e-05
720,-8.617325015719694e-05
721,-0.00012521251995432217
722,0.00018029289727796365
723,0.00014280060619473848
724,7.130122981147948e-05
725,-9.4412671992662e-06
726,0.00012737614148456092
727,-0.00020806217390019073
728,-4.508700154879814e-05
729,-0.00011160870148533356
730,7.456797197795497e-05
731,-0.00012940506270048873
732,-0.00011175931099831864
733,-0.00021484783110607082
734,0.00012179273038888226
735,-0.00029710041180653306
736,-0.00031843368074763954
737,-0.0003297082737177491
738,-8.66526523768575e-05
739,-0.000123473411737072
740,-1.5042241247096316e-05
741,-0.0002921342795786921
742,0.00015546716215561845
743,0.00010964460434651956
744,-5.3903870697229074e-05
745,2.5834072149373512e-05
746,7.488133803879756e-05
747,-0.0002856922076942861
748,-0.00025280597195229755
749,-0.00015587667063078343
750,-0.00016190063359941938
751,-0.00041594972187874286
752,-0.0006742553588794507
753,-0.00012305993970109405
754,-0.0001400813269561067
755,-4.6240887760135855e-05
756,-0.00022195025691335886
757,-0.00012594955661554303
758,-6.104952658656258e-05
759,-0.00011117253915317328
760,-0.00034123113401903366
761,4.547030529434838e-05
762,-0.0004732135913974124
763,-0.00043515295745232257
764,-2.615914371080426e-05
765,-0.00012148507644799405
766,-0.0002589145800256257
767,-0.0004894911407346
768,-0.0001586152682923897
769,-0.0001023782195538314
770,-0.00038942917465913904
771,-0.0004240467448715656
772,-0.00017151732431743238
773,-0.00017248227165753442
774,9.240746931430851e-05
775,-0.00018362549855447952
776,-7.782221863891369e-07
777,4.1388765564226925e-05
778,-0.0001921420999464491
779,-0.00022075312804293624
780,-0.00016851944503516836
781,-0.00020006000448815727
782,-0.00010779685089166807
783,2.256581876505482e-05
784,-5.5771343699758594e-05
785,0.0001069423126674689
786,-0.0002900703929469785
787,0.00010947792398988281
788,-6.971509076858726e-05
789,-1.2665996933344933e-05
790,-0.00016188443204382983
791,-1.4986903855497727e-05
792,6.34771403737497e-05
793,-0.00020385274687248345
794,-0.00033133341884023296
795,0.00012166158353090669
796,1.9034528663731743e-05
797,-3.471968325257606e-05
798,-9.751581591056925e-05
799,-9.972615661042884e-05
800,-0.0006123308381702497
801,-0.0003029698165932664
802,-0.0004116433165363185
803,0.0002698882424625282
804,-7.284273394387804e-06
805,0.00036423003923220267
806,-0.0001400786944274274
807,-0.00018278106242006637
808,-0.00030570037832809124
809,1.4537858176307415e-05
810,0.000119443572221786
811,-4.9481340776900855e-05
812,8.044216744806845e-05
813,-0.00021448707447965247
814,-7.624132735660771e-06
815,-5.472085987688773e-05
816,-0.0004754785376064467
817,-0.00016885907440802238
818,-0.00011585284099428253
819,-9.594334618064765e-05
820,-0.00016485140294157609
821,-0.0003223336637757879
822,-0.0003668555983831751
823,-0.00019519459478899783
824,-0.00027976871897276995
825,-0.00011413893520102705
826,0.00012683873923452347
827,-9.079887958140296e-05
828,-0.00010828098547858449
829,-0.0002621559197630336
830,-0.00012186146190896231
831,-0.00038076487994561915
832,0.0001586689296148406
833,-8.660594333219428e-08
834,-0.0004830859113669879
835,0.00014724489680945608
836,-0.00018788936429234553
837,-1.5249503121532096e-05
838,7.907122568179094e-05
839,-1.6819703645588928e-05
840,-4.4755926707276286e-05
841,-1.462175156471064e-05
842,-2.613804713518528e-05
843,-0.00033278679206168263
844,-5.185190071896255e-05
845,-0.00021995735210661967
846,-3.341322079418258e-05
847,0.0002352593397309704
848,-2.6738265993814286e-05
849,-0.0002620210307158265
850,-0.0004813918637007008
851,-0.00040782804190414346
852,1.8097616112910767e-05
853,-3.5254812944447184e-05
854,-0.00016726060739131318
855,-0.00023240598498199964
856,-0.00020050259772158436
857,-0.00018137477443229522
858,-1.630345871770526e-05
859,-0.0002298672417797169
860,-0.000242309691934518
861,-2.27708298012069e-05
862,-0.00025319147020434524
863,8.159703646922163e-05
864,-0.00024251126018383544
865,-0.00029055281760577753
866,-3.339510742082277e-05
867,-0.0003563879043474078
868,-0.00017189183511076472
869,-0.00015153505634117362
870,-0.00018233810679197453
871,-4.9206767711055056e-05
872,8.938840251725249e-05
873,-0.00041146310458380146
874,2.763692182021367e-05
875,0.00010032649303290986
876,-0.00034405092695879384
877,-0.0003903502494397616
878,-0.00022830535867641563
879,0.00012918532168185867
880,-0.00011236236040924559
881,7.365290723166037e-05
882,3.880755717363854e-05
883,0.00012604254366468826
884,-0.00017956482718320887
885,2.6751994089270236e-05
886,-3.237405102797804e-05
887,-0.00010201100692550474
888,-0.0002617412588165327
889,-0.00018553970137537932
890,-0.0002485544436452378
891,-0.0004042450338140669
892,-0.0003687563774602233
893,2.8544661831864513e-05
894,-4.492864587457214e-05
895,-0.00033492487857650507
896,8.046355092052001e-05
897,0.00019600275329134556
898,5.2427130881156334e-05
899,-0.00024311920207346647
900,-4.562076983955369e-06
901,-5.024327948238011e-05
902,-3.068612687027597e-05
903,-0.0003240066779982353
904,9.282402260838666e-05
905,-8.192181143386188e-05
906,-0.00030458014792800767
907,-5.990368004417479e-05
908,-0.00011097607891797151
909,-0.0002548304352677374
910,1.410611548350523e-05
911,3.4316660607329146e-06
912,0.00013127785632413057
913,-1.6444199167681923e-06
914,-3.629449430377465e-05
915,-0.00017653486473526107
916,-0.0003929601624251887
917,0.0001903653826385233
918,-4.03421905319645e-06
919,5.499126088483251e-05
920,-0.0001647032937290426
921,7.379945846885662e-05
922,-0.00024119889607769344
923,-0.00038253014457774996
924,-0.0001526723866885657
925,-0.00011651985336343635
926,-0.0002781749399793765
927,-5.0652974314170754e-05
928,-0.00012402898776066017
929,-7.869275044963205e-05
930,-0.00034101183331177544
931,-0.00019418929526464427
932,-7.35190691318452e-05
933,0.0001728321436284487
934,-3.6385948093612135e-05
935,-0.00014793758713981493
936,-0.00011078577972221819
937,-0.0001091736963690814
938,-0.0003238628390316601
939,-0.00015687315982916295
940,-0.00027758907526462154
941,-0.0002956856648912444
942,-0.0001265369940884516
943,-0.0004528746542576331
944,-0.00025430090406742325
945,-0.0002070113032689131
946,3.7033975713097423e-06
947,-0.00017828019761883385
948,-0.00020421280311406175
949,-8.69355500396363e-05
950,-0.00022942364972756515
951,-1.9334694086032256e-05
952,-9.049719674231147e-05
953,8.262376688399997e-05
954,0.00014884091584855475
955,-2.673221339294066e-05
956,-0.0001293732524517608
957,-5.8024528771404414e-05
958,-0.00020406720396253097
959,-0.0001766395526518398
960,0.0001552400242752613
961,9.550675613507535e-05
962,-0.0005011912056638248
963,-0.0003802911126914858
964,-0.0004483469481328229
965,-0.00011240778371765518
966,-0.00010612836368214437
967,5.308369410626506e-05
968,-0.00031112455339446493
969,-0.00013424193994917015
970,-0.0002700109731028442
971,-0.000490061614626284
972,-8.376763411071301e-05
973,-0.0004089806386833046
974,0.00011405963417811215
975,-0.00013673124996261331
976,-0.00021459959495376025
977,-0.00014921403304563038
978,-0.00022084845185084203
979,-0.0001388614092313008
980,0.00012071838338790806
981,-0.00022897640081573985
982,-7.704928181507837e-05
983,-7.514425100450715e-05
984,0.0002222324386942845
985,-1.91398725028624e-05
986,-7.657654841594912e-05
987,-0.00014845763312496224
988,-0.00034187956719193547
989,-4.849832169889096e-05
990,8.023083712537906e-05
991,5.922000844045955e-07
992,0.0002502140291952746
993,-3.8868831272436195e-05
994,-0.00030938169245118484
995,-0.00026874008212962727
996,6.334039128185082e-05
997,-0.00021731523419444985
998,-0.00027414218974911915
999,-6.644970405404244e-05
1000,0.00011868974519835729
1001,-0.0002896121778610243
1002,-0.00013879080311937896
1003,-0.00030651401969185126
1004,0.00013442120171614394
1005,-0.00011186780104172986
1006,-8.205983880990924e-05
1007,-0.0002165111663698458
1008,-0.00018075856173587227
1009,8.686266193919467e-05
1010,-9.882474187499807e-05
1011,-0.00013811934218582958
1012,9.493203324777349e-05
1013,-0.0002035193829086678
1014,-0.00015731050431994312
1015,-0.00013282364150803293
1016,0.0001416041698661402
1017,-7.732150188540994e-05
1018,-0.00022443333093269323
1019,-0.00014731208962404733
1020,-5.3470426378521555e-05
1021,-4.6143291063667805e-05
1022,-0.00030753519166692935
1023,-0.00011100397174758926
1024,-0.00021997011145615683
1025,-0.00020849847845444763
1026,-0.0003080730127290029
1027,7.150037919063239e-05
1028,-0.00012789469063251527
1029,-4.8695443560819456e-05
1030,-0.00020035229394719902
1031,-4.353235432361247e-05
1032,-0.00037449146790189216
1033,-0.00020623893460708798
1034,-0.0003812888565364623
1035,0.0001680430254444967
1036,-0.0005612267466789552
1037,0.0001539111648787447
1038,0.00020521113360742372
1039,-0.00018110989135932193
1040,-4.7931823777764765e-05
1041,-0.0003618896772806315
1042,-3.408829707029031e-05
1043,-0.00023625338066648864
1044,6.816302720569952e-05
1045,-5.990554814738418e-05
1046,-0.0003113732389732974
1047,-0.0002519008169027288
1048,-0.00014167045849659745
1049,-6.754045737821364e-05
1050,2.883147487677191e-05
1051,-0.00023555448116173485
1052,-0.0001714437388962399
1053,-0.00019410086866226438
1054,-0.00015325635870947803
1055,-5.0040436589411286e-05
1056,0.00016283245331892232
1057,0.0003935542727115237
1058,0.0001711833786867323
1059,-0.0003058205466585655
1060,-0.0003346832826761277
1061,-1.3387698140511484e-05
1062,2.9424522226285275e-05
1063,-0.00032772342732275377
1064,-0.00014057935668094606
1065,-0.00011738604518122952
1066,-0.00034981756251265705
1067,0.00018525288864091742
1068,8.159140409646365e-05
1069,-0.00032314214159713403
1070,-0.00011383047186322383
1071,-6.521333985755273e-05
1072,-0.00011713481500146752
1073,-0.0001927818619565452
1074,-0.00015239013419287025
1075,-0.00023740307487169092
1076,-0.00020409036804499718
1077,2.82638083607349e-06
1078,-0.0003658153429123712
1079,-0.00020403383817318516
1080,-0.00017281307432833614
1081,-0.0001695661479885998
1082,-0.00019361619063391336
1083,-4.9025651436374996e-05
1084,-0.00015108652299852536
1085,-0.00018244461593365326
1086,-2.8900148628051348e-05
1087,-0.00014440288915779336
1088,-0.00030243869570400345
1089,1.84541204147631e-05
1090,-0.0002064240450491613
1091,-8.582168779095237e-05
1092,-0.0001916051129752151
1093,-0.00023247901168447802
1094,-0.00013547269938772878
1095,-0.00016743331174566315
1096,-0.0001182352444607308
1097,-6.034464507938276e-05
1098,-0.0002524848217744576
1099,-0.00016440228175138133
1100,0.00010944669969545694
1101,-0.0003265433221411139
1102,-5.652871897629077e-06
1103,3.868766406359095e-05
1104,-0.00028078274240047544
1105,-0.00012082944445170842
1106,-6.012337865808958e-05
1107,-4.875965282100562e-05
1108,-0.0005606262227040235
1109,-0.00012483337318493963
1110,-0.00013682080764995511
1111,0.0001382322255611112
1112,-0.0002648913116353558
1113,-1.3198556505116106e-05
1114,-0.00035609611755584936
1115,-0.00040517867237390413
1116,-5.49284213665051e-05
1117,-0.000326167883994809
1118,-0.00024197937350830482
1119,-0.00012290502584391932
1120,-0.00011773048082621417
1121,-0.0002695031309274542
1122,-0.00012876496439446667
1123,-0.0003165576928813076
1124,-0.00016501033413596672
1125,8.134822293922886e-06
1126,-0.00015020801339272056
1127,-0.00022902901302992212
1128,-2.700104680328004e-05
1129,-0.00040801012569810594
1130,-0.00018100071931233803
1131,-5.4352455713965944e-05
1132,-0.00017156428087391427
1133,1.6146034640269105e-05
1134,8.007611161958437e-05
1135,-0.000165546434471409
1136,-0.00020357890840645094
1137,-0.00014016079184295786
1138,8.700458473693972e-05
1139,-0.00012370144648505066
1140,-1.3687350783327047e-05
1141,-0.0001628967580762587
1142,-0.000332801136684475
1143,1.1202684727271076e-06
1144,-0.0001041529928054574
1145,-0.00017313817386141803
1146,-0.0002934378896094144
1147,-0.00029090983940281305
1148,7.618718399499353e-06
1149,1.0674854763967839e-06
1150,-0.00015647877606660441
1151,-0.00047972157373743415
1152,-0.0001595753241729798
1153,-0.0002915706797323666
1154,3.865256050065842e-05
1155,-0.000171397270599721
1156,-0.00016725584349137584
1157,-0.00029165412784055864
1158,0.00017404727163263098
1159,-0.0002739672372935073
1160,-2.1678319986662033e-05
1161,-0.00019970691184780336
1162,-3.176144789498186e-05
1163,-0.0003483411277143038
1164,-8.281176442869927e-05
1165,-0.00030514521821872493
1166,-0.0002772366816541325
1167,7.072296735122018e-05
1168,-0.0003651766744369744
1169,-0.00015232229409122995
1170,-7.398101402170678e-05
1171,-0.0001635643854175976
1172,-0.0002644376491105297
1173,-0.00040568286482754636
1174,-0.00013478737196011056
1175,-5.462285193253226e-05
1176,-6.866028616118497e-06
1177,6.241395645146924e-05
1178,-4.906484655661999e-05
1179,5.454773017348478e-06
1180,0.00019449075149410142
1181,-0.0002769222158690262
1182,-7.94246848834208e-05
1183,-0.0001753503128776472
1184,-0.00034306777788671166
1185,-0.000341000162014923
1186,-8.366371103780935e-05
1187,6.121053304368608e-06
1188,0.0002850177765140037
1189,0.00011438269900920244
1190,-0.00014719432624918404
1191,-0.00017372127660084978
1192,-0.0003839419839893436
1193,-0.00030472996138447783
1194,-0.00020086751136925667
1195,-0.00015378635676131946
1196,-0.00016551562065309354
1197,-1.3440599321898551e-05
1198,-0.00019707028932277587
1199,-0.00014197432086500493
1200,-0.00016054862503492797
1201,0.00018985151427295137
1202,-0.00010285107591434837
1203,8.837307524823489e-05
1204,-2.996116567704105e-05
1205,-0.00019291972595747062
1206,-0.00019818392288622677
1207,-1.8962672387660794e-05
1208,3.874010786652852e-05
1209,-2.799311062651056e-05
1210,0.00017901145090868298
1211,-0.00028241605496363625
1212,-6.39108208673367e-05
1213,-5.409788193658529e-06
1214,5.6342673866697384e-05
1215,-9.425277999481688e-06
1216,-8.767634445884207e-05
1217,-0.00017230180115576735
1218,-0.0003009849352367285
1219,-0.00011004474790944097
1220,-6.83836371335972e-05
1221,-0.0001577212504412517
1222,9.163450848326209e-05
1223,-0.0001014656616857533
1224,0.00019684070163592196
1225,-0.00017433819159822262
1226,-5.399576697218827e-05
1227,-6.237005636221924e-05
1228,9.971722356404421e-05
1229,-0.0002939235296612492
1230,-7.723952934934231e-05
1231,0.00011872792855075287
1232,-0.00015007339880506457
1233,7.376470384677139e-05
1234,-0.00011168317140155241
1235,-4.565194431599987e-05
1236,-1.5100946009020107e-05
1237,-0.0002809654143532754
1238,-0.00023395433454600893
1239,-6.242423790843148e-05
1240,-0.000254973954281412
1241,-0.00022443577924156156
1242,-0.00014364570666728643
1243,4.413609300311942e-05
1244,2.013123526249226e-05
1245,-2.2562330932794902e-05
1246,5.892238757730731e-05
1247,-0.0002762595889020592
1248,9.677117503178397e-05
1249,5.450979336619745e-05
1250,7.423973359785937e-05
1251,0.00016132486880479844
1252,-6.943646492901375e-05
1253,-2.0514412006076554e-05
1254,-0.0003140742014502299
1255,-7.121870883414818e-05
1256,-0.00019561466485991453
1257,-2.0504039487684958e-05
1258,-0.00012995511007294613
1259,-3.5789433180832624e-06
1260,-0.00021263756413966698
1261,-0.00023294408274600163
1262,-0.0001887622723890934
1263,-0.0001547365202211281
1264,-0.00012840819384648782
1265,9.463452664985563e-05
1266,-0.00014730291384446089
1267,-0.00026476032820139765
1268,-0.00010242708570046856
1269,-0.0002710341148736145
1270,-0.00011700155077927084
1271,4.9651774453825874e-05
1272,-8.607944373263918e-06
1273,-0.0002046539684044413
1274,0.00028346360399523574
1275,-0.00036251101271494513
1276,-0.00020723633875906178
1277,-8.03653532944872e-05
1278,-0.00021564314582135617
1279,-0.00014628684079900602
1280,-0.00011019463602661638
1281,-0.0003216864553886119
1282,-0.00016206626214841855
1283,-5.006943504718803e-05
1284,4.428978112832048e-05
1285,-0.00012416095576826364
1286,-0.0003019469102105687
1287,0.00022369781325338664
1288,-0.0001713888300685891
1289,0.00019407334942500085
1290,-0.00031668676460638303
1291,0.00022331997015667058
1292,0.00017809062840086452
1293,-0.00023380582643536458
1294,-1.1037952496718876e-05
1295,-5.327889973666738e-05
1296,-5.364858879771599e-05
1297,-0.0003215935816137422
1298,0.0002419059387544738
1299,-0.00013058251435090816
1300,1.8410768427111488e-06
1301,9.75627684453696e-05
1302,-0.00025643643797382964
1303,-0.0002711614076476578
1304,-8.884072722423933e-05
1305,-0.0001458920834078325
1306,7.024720994345872e-05
1307,-0.0003567069077265557
1308,-0.00031415329667573754
1309,5.94833352158245e-06
1310,-2.090312889001738e-05
1311,-0.00018677843206720978
1312,-9.844709274454018e-05
1313,-6.97833995451855e-05
1314,-0.0001889527499951147
1315,-0.00010635287359361256
1316,-0.00016980950328768913
1317,-0.0002600984883401443
1318,-6.568069853888686e-05
1319,0.00010700808895595358
1320,0.00020196190997653785
1321,-0.000105041225011021
1322,-0.00028262693633088556
1323,-0.00023574935689108366
1324,-0.00041216796727614754
1325,-5.4745091558416315e-06
1326,-7.888767045044323e-05
1327,8.687956313564394e-05
1328,-4.232972242118413e-05
1329,-0.00012802838461686486
1330,2.370771464628079e-05
1331,-0.000148683682733476
1332,-0.0001751379460565985
1333,-0.00010868117045781274
1334,-0.00017089799876670938
1335,-0.0001578882020576779
1336,-6.96783347378322e-05
1337,7.441070139637207e-05
1338,-5.542093815916342e-05
1339,-2.5406323163800662e-05
1340,-6.883741956017243e-05
1341,-0.00028263127211217317
1342,-0.0001339777298224282
1343,-5.856222705460588e-05
1344,-0.00017108060705329082
1345,-6.896500145370444e-05
1346,2.5821269302848024e-06
1347,-0.0001625421476229411
1348,-0.00015192262671072983
1349,2.1820364278781023e-05
1350,-0.0003485669193785424
1351,-0.00023423035319864566
1352,-8.981415379540282e-05
1353,-0.00011863099432497118
1354,-7.283384645924653e-05
1355,-2.5219302754153318e-05
1356,-0.00010384331537920368
1357,0.00011530694423254848
1358,3.7040349155267955e-05
1359,4.223986960568478e-05
1360,5.840507463857689e-05
1361,-0.0001904738212562415
1362,-0.00012107698532655496
1363,-9.762387816287844e-05
1364,9.093129004822116e-05
1365,0.00018006500501929247
1366,-0.000265283285644798
1367,-0.0004114431826584866
1368,0.00013300984701396907
1369,-0.0001082819305320764
1370,-0.00045820746577088505
1371,-0.00011160614777210108
1372,-0.00015248869331812009
1373,1.4966999296988325e-05
1374,-5.7846264258090665e-05
1375,-0.00024179654582668017
1376,-0.00040990396487393643
1377,6.74955667579706e-05
1378,-0.00011892828610435826
1379,-6.158547978647062e-05
1380,3.549301434583043e-06
1381,-0.000163522621554627
1382,-7.034579602611253e-05
1383,-0.00026874288420917754
1384,-0.0002580714104356854
1385,-1.1016871707761419e-05
1386,1.9761611361217255e-05
1387,0.000252405780443709
1388,-0.00018879981796761608
1389,0.0002660965766746847
1390,-0.00017355407467214848
1391,6.963595430116471e-05
1392,-8.204840856273597e-05
1393,-0.00048774720237863405
1394,-0.00020186684730982417
1395,-9.007347516387639e-05
1396,-0.00023128594081317993
1397,0.00021094466694485686
1398,-0.00020168662267608126
1399,-0.0001536349311177562
1400,-6.813233002774719e-05
1401,-9.773541901750912e-05
1402,0.000171999199021237
1403,0.00014568615250248356
1404,7.026312826642171e-05
1405,-0.00010013433794484882
1406,-0.0002966040550789853
1407,9.020853406857158e-05
1408,-0.00026599697053571213
1409,-6.377428720026067e-05
1410,-0.0002113526277703653
1411,4.3878339890885625e-06
1412,-0.0002976000883807337
1413,-0.00033324125954284063
1414,-0.0001487318127479161
1415,6.202221682463775e-05
1416,8.403720216917074e-05
1417,-0.00014847063360476023
1418,8.072308607952345e-05
1419,-0.00011924718402335603
1420,-0.00012323617251545386
1421,0.00017241900741956932
1422,-0.0003726334058157669
1423,-0.00029200311974534145
1424,-9.13170871846865e-05
1425,8.5540321056265e-05
1426,-0.00013522436340675502
1427,2.2273800744708572e-05
1428,-0.0001052573914139952
1429,-0.00013673953938444518
1430,-0.0004824116077189619
1431,0.00010392948029858393
1432,-0.000156382505766763
1433,-0.00037647611950194967
1434,-1.4582206024045468e-05
1435,-0.0001002237474478531
1436,-0.0003522347030470899
1437,4.531760063134519e-05
1438,-0.0003914546756886186
1439,9.218525579871789e-05
1440,-0.00014382087575032812
1441,-0.0002575830134490776
1442,-4.6466216153426604e-05
1443,-0.00027165738656338175
1444,-0.00023876167220536265
1445,-0.0001999738895385282
1446,0.00012454828474287182
1447,-0.00014818535456388471
1448,-0.00013868889933382975
1449,-0.00022749154175801927
1450,-0.00013119412276532916
1451,-8.433239094536865e-05
1452,-5.11024604217696e-05
1453,4.249478838771246e-05
1454,4.0767632690663076e-05
1455,-6.498776613058395e-05
1456,-0.0002067329431363735
1457,-3.0611280876567083e-05
1458,-8.038446649056197e-05
1459,-0.00014859297824726462
1460,-0.00021952358539730155
1461,-0.0002551181770465008
1462,-6.461874891311299e-05
1463,-6.001526129738355e-05
1464,8.883982728603242e-06
1465,-2.2200325756780414e-05
1466,-0.0003606864364792277
1467,-0.00012990867163603943
1468,-0.0004311230220925563
1469,-0.0002225558357836066
1470,7.129776736928176e-05
1471,-0.00017913719554920265
1472,7.627226172952959e-05
1473,-0.00015000197977370068
1474,3.2682017745404494e-05
1475,0.00011907497287441734
1476,9.93200713841233e-05
1477,-0.00022615439120091216
1478,5.2594165124533484e-05
1479,-0.00022205194286485603
1480,-0.00019372732504374622
1481,0.0003052475989743085
1482,0.00013393191800669828
1483,-0.00021414078456667574
1484,-0.00036289664155058916
1485,-3.780004814396829e-05
1486,-0.00022532043338243155
1487,-0.00013449595994326227
1488,2.982345826057924e-05
1489,-0.00011860530849771158
1490,-0.00017129778313360728
1491,-0.00021979499020706713
1492,-0.0003850994694376295
1493,-0.0004155007077067661
1494,1.320903347980435e-05
1495,-0.00024373032489762684
1496,-0.00012820950059277478
1497,-0.000345127135731232
1498,-1.6365943617863775e-05
1499,-4.889097085616866e-05
1500,-8.664749419181295e-05
1501,-0.00022940786970563544
1502,-3.220519743642756e-05
1503,-0.00020902858005099334
1504,-0.00032196435292171724
1505,-0.00021483963850365702
1506,0.00023425718426132297
1507,-0.00029705547137835297
1508,-0.00018504608002987543
1509,7.905501427710688e-05
1510,0.00011972331323417791
1511,-0.00021942868506484405
1512,-0.00026173108106977656
1513,-0.0002076746982359818
1514,-0.00020315701666198674
1515,-0.0002317408564691498
1516,3.07228845810083e-05
1517,-0.00019729273749357544
1518,0.00021578375588359678
1519,-0.00024182682387009728
1520,-0.0003400780161867424
1521,-7.442590985410373e-05
1522,-0.00012177256270741189
1523,-0.00024040422457874576
1524,-5.221583170138967e-05
1525,-0.00010993881172561178
1526,-0.00013895315395150927
1527,-8.469404410864519e-05
1528,-8.2937967783486e-05
1529,-0.00019809236186647968
1530,-0.0001221420222301151
1531,-0.0002469475545228351
1532,0.00014733466158890779
1533,2.3484270238838537e-05
1534,-0.00011195321820512265
1535,5.264539554938832e-05
1536,-3.5189847121372315e-05
1537,4.083824560119273e-05
1538,5.3993577980664126e-05
1539,0.00012072188437782271
1540,-0.0002481900790159506
1541,-0.00010120433676968969
1542,-4.0436229067937386e-05
1543,-0.00020664641513449473
1544,-0.00026593373893646534
1545,-0.00015855517608796726
1546,-0.00011645460788589824
1547,-0.00012171075964292701
1548,2.6825790463315725e-05
1549,-0.00023807224566264624
1550,-6.23293586061054e-05
1551,-0.0001306532530142615
1552,-0.0003892328289777898
1553,-5.9411188963379575e-05
1554,-0.0002334232512229164
1555,0.00012800935065913945
1556,-0.00023538220746880986
1557,-0.0004999595419992957
1558,-0.00018261487135000693
1559,-0.0001094548876489405
1560,-0.00023542349249154335
1561,-0.00029955776060689603
1562,3.312396954539545e-05
1563,0.00015496117424088543
1564,0.00021628356975513581
1565,-0.00019751399868028733
1566,-7.326746689479197e-05
1567,-0.00027852446554672535
1568,-0.00023949155582414828
1569,-0.00011236776241629614
1570,0.00015039001931442354
1571,-0.00040640022840891685
1572,-6.748963422293627e-05
1573,-0.00010273918465852569
1574,-0.0001122244403515858
1575,-0.0001496757986134966
1576,1.3298817786649443e-05
1577,-7.791317046075133e-05
1578,3.8953527688041434e-05
1579,-5.604948271348654e-05
1580,-0.00022492386912843196
1581,-0.0002484686448701374
1582,-0.00025182540581231757
1583,-0.00019096931506137308
1584,4.494271884378534e-05
1585,-5.3055658676471296e-05
1586,0.0001096708846015683
1587,9.181231793360473e-05
1588,0.00017415067469472097
1589,-9.957746896780524e-06
1590,-8.994345667153009e-05
1591,0.00031491249475474974
1592,-0.0001167343496965289
1593,-1.618967507172699e-05
1594,7.91319605949628e-05
1595,-0.00013322490823596903
1596,-0.00012970508619073153
1597,-0.00012403387776459488
1598,-4.610900431237607e-05
1599,-0.00016626369698429273
1600,-0.0001437266245336781
1601,-5.9688501256945004e-05
1602,-9.981250779079791e-05
1603,0.00029491604463399625
1604,-6.751265238981863e-05
1605,-0.0003484168387140244
1606,-5.116944540232927e-05
1607,-4.302130652013004e-05
1608,-5.7916286305623936e-05
1609,-0.00020836769340297763
1610,-2.6596787494201492e-05
1611,-0.00016185992931349149
1612,7.886431480462452e-05
1613,-7.118735651567522e-06
1614,0.00030683697121028743
1615,-0.00022309917137327322
1616,-8.61301451298523e-05
1617,2.6481654384215478e-05
1618,-0.00019012287214378938
1619,-0.00023301429985963062
1620,-0.0003429886700959025
1621,2.2143874982227305e-05
1622,-0.00044763302397448116
1623,-6.714105683207133e-05
1624,-4.485813924759405e-05
1625,-0.00012880283121843113
1626,5.892291520257081e-05
1627,-0.0003768629185375711
1628,-0.00016022865311167322
1629,0.00014275104778867863
1630,-6.976445811518756e-06
1631,0.00011257537622683288
1632,9.777435288783574e-05
1633,-0.00025290803883446276
1634,-6.155143345044819e-05
1635,-0.0002352170554467775
1636,-0.00040891120313034135
1637,-0.00015085495859958859
1638,0.00014812751386518883
1639,-0.00012911242789171256
1640,5.013397798095972e-05
1641,-0.00014950004674781845
1642,-0.00042209609309167646
1643,-0.0003416249134717787
1644,-0.0002883121397239112
1645,-0.00033128175048702707
1646,-0.0003859861417242558
1647,1.6186699071253942e-05
1648,-0.0002550839689723414
1649,0.00016347052824859277
1650,-0.0003601447097748908
1651,-0.0002147848224911648
1652,-0.00022284120573215526
1653,-8.086926619849211e-05
1654,-0.0002059977087826347
1655,-3.9477645931305556e-05
1656,-0.0002594091483867575
1657,-0.00034176145347147933
1658,-0.00026874504522486083
1659,-0.0002629928691865274
1660,6.717792485860226e-05
1661,0.0002044650547156171
1662,-0.00034730069310440946
1663,-3.2373874790138734e-05
1664,-0.00035827757381065394
1665,-0.0001365856289155731
1666,-0.00011862241040193858
1667,-5.884856362991599e-05
1668,1.6073009207494623e-05
1669,-0.0001020037998029661
1670,2.2547966613718127e-05
1671,-4.185387437534579e-05
1672,-0.00022918100405071106
1673,-0.00036870116070846827
1674,-0.00021723798946754203
1675,-0.0002633238181103306
1676,8.633844377612151e-05
1677,0.0002550176767836368
1678,3.6126048035315904e-05
1679,-0.000131126229803533
1680,-0.0002600120058892337
1681,-0.00019192892026966249
1682,-0.00014881316649234595
1683,-0.00031277687587411744
1684,-0.00017004015574757948
1685,-9.859166113842878e-07
1686,3.5638637348565905e-05
1687,-7.726702233531555e-05
1688,-0.000631406682609773
1689,-0.0002517584894076704
1690,-0.00019513258516628968
1691,-0.00021373418763156286
1692,-9.420089605413568e-05
1693,-0.00016035513768216406
1694,-0.00015100536218041552
1695,3.966135271929581e-06
1696,-0.0001294439807788974
1697,-0.000249095732625976
1698,-0.00013529665704606206
1699,-0.0002126400979419575
1700,9.016180062146252e-05
1701,-0.00020821515169645754
1702,9.678183687109302e-05
1703,-0.00039870436978766706
1704,-9.324938399906646e-05
1705,2.3636120062236966e-05
1706,-0.0003683499126469562
1707,-0.0002924887221913079
1708,-7.041190289179443e-05
1709,-0.00019254372669838838
1710,-0.00010779697530211321
1711,-0.00031328248338424654
1712,-0.0003600041938413914
1713,-0.00046510823010573014
1714,-0.00025124483643386653
1715,-0.00011774577503445464
1716,-0.0002034923885580134
1717,-3.901545176305122e-05
1718,-0.00021946891896801917
1719,-0.00020393970476349234
1720,2.268912529230041e-05
1721,-0.00011032771526379867
1722,-3.9353674392179424e-05
1723,-0.00013896679614074098
1724,0.00019580223365077336
1725,-4.4340491959594e-05
1726,-7.423685944081646e-05
1727,-0.00016911905046897524
1728,-0.0003200154735561738
1729,-0.00016092939942544736
1730,-0.000293590286798417
1731,1.4574070614706776e-05
1732,3.619845821896826e-05
1733,-8.217363152564716e-06
1734,3.126157789035149e-05
1735,5.678506136566484e-05
1736,-0.00011163750480304255
1737,-2.1611883494545664e-05
1738,-1.957733832021982e-05
1739,-2.607227222852747e-05
1740,-2.9441832591936657e-05
1741,-9.283425243184608e-05
1742,-0.00019956770725880512
1743,-0.00016735447793532859
1744,-0.0003213768268381247
1745,-0.0002014009801713044
1746,-0.000409141626853992
1747,-9.4266798814717e-05
1748,-0.00025777836090105704
1749,0.0001472934135626502
1750,-0.00023223504390295139
1751,-0.0002470838326862223
1752,-3.425839690197714e-05
1753,0.00016600276601246375
1754,0.0002013368464701511
1755,-6.949636891321328e-05
1756,-0.00022790799951002966
1757,-0.00035365669522351227
1758,-9.256600857644942e-06
1759,-0.00021104444081776163
1760,2.450260257051494e-05
1761,-0.00016097990636648976
1762,-0.0001623586115973659
1763,-0.00011443958811326061
1764,0.00029236384805449503
1765,-0.00043846795887486504
1766,0.00030686721589386436
1767,-9.185605629082149e-05
1768,-7.568231637707532e-05
1769,-7.768580758426419e-05
1770,-8.504248338659166e-05
1771,-0.0001205840030655205
1772,-0.0003552130745027648
1773,-8.384030158891181e-05
1774,-0.0002572664937641711
1775,-2.480659077693245e-08
1776,0.00012232800002011057
1777,5.1577211776694255e-05
1778,-0.0004903113871307986
1779,5.371891681800414e-05
1780,-0.00012221318690283802
1781,0.00023509348680947833
1782,-0.0002587436047146043
1783,-0.00014287947005318688
1784,6.4568358091034e-05
1785,2.932657792231453e-05
1786,-3.090029426146265e-05
1787,-0.00016791070546707154
1788,-0.0003566445419441512
1789,-0.0002855291547159107
1790,0.00025378080819213897
1791,-0.00035278061208966245
1792,-0.0005059030341487828
1793,-0.0002754043330995929
1794,-0.00018754108404129768
1795,-7.766416574300742e-05
1796,-0.00010482411259912363
1797,0.00027880139599698663
1798,-0.00017003731016646938
1799,0.00012428754473144455
1800,-7.705732058410114e-05
1801,5.657219156076112e-05
1802,-2.5681717505165667e-05
1803,0.00019275453931286938
1804,6.427337312276526e-05
1805,-0.0004449633463754229
1806,6.776795102818488e-05
1807,-6.487317413884394e-05
1808,-0.0002836387829745405
1809,-0.000249323376967315
1810,-0.00017759565434990627
1811,0.0001933834160156962
1812,-0.00017941476541177677
1813,-0.0001566603497034737
1814,0.00016165811664868086
1815,-0.00015287160968807691
1816,-0.0004168008311534798
1817,7.415503253669931e-05
1818,1.1227632795496446e-05
1819,-2.1700013372315078e-05
1820,-0.0002970831103701616
1821,-0.00010073128449503133
1822,-0.00036862354477236513
1823,-1.4073086345054401e-05
1824,-8.507847771648687e-05
1825,-0.0001752176382655395
1826,-0.00041298633031631765
1827,-9.085853145349277e-06
1828,-0.00013087511056816817
1829,4.119802479741801e-05
1830,-8.202334330051697e-05
1831,0.00013527627829630176
1832,-0.00031677815113993855
1833,-0.00046044758255957513
1834,-0.00025337614584870153
1835,0.0002655017664217601
1836,-4.065621846500127e-05
1837,8.087579152708701e-05
1838,7.19718257025961e-06
1839,-0.0003190671173476056
1840,-0.0001415111780848316
1841,-0.0001959569474611681
1842,-0.0002652406693680679
1843,-1.349694541188573e-05
1844,0.00011224043086944408
1845,-0.00027777903492818765
1846,-0.00044208693322958027
1847,-0.00028968490967470607
1848,-4.4660068261965615e-05
1849,-0.00025261659738721396
1850,8.624103575393679e-05
1851,-8.952251067336537e-05
1852,-9.00425586297233e-05
1853,-0.0002692671286474093
1854,-0.0003976248487528591
1855,-0.00017645415072799501
1856,0.00017813049540745297
1857,8.691679365066391e-05
1858,-4.511613366370352e-05
1859,-0.00014642835342334011
1860,0.00011559153537931602
1861,0.00021541112439820895
1862,-0.00013101737451149856
1863,-0.00021690591911865262
1864,0.000140610398094305
1865,-0.0002524183239943025
1866,-0.00017187484013049772
1867,-9.089127728294168e-05
1868,-0.000231344091968875
1869,-0.0002253157475636294
1870,0.00020107320629806616
1871,5.707809337855006e-05
1872,-0.000119325285978471
1873,-0.00010808002867710604
1874,3.396156803988818e-05
1875,-7.776915983134706e-05
1876,-0.0001390049154527537
1877,-2.3892506364426386e-05
1878,-0.00027669794676351374
1879,1.542089420835288e-05
1880,-3.615209102965952e-05
1881,-7.684548919695925e-05
1882,-0.00025012687398769286
1883,4.7204744355553124e-05
1884,3.409570686494594e-05
1885,-4.1505071208557446e-05
1886,-5.9215769310463174e-05
1887,-0.0002497791120736803
1888,7.253914632163733e-06
1889,2.0671379311227487e-05
1890,-8.087689616471744e-05
1891,-0.00014062766414634195
1892,-0.00017775717513872192
1893,7.328652036350495e-05
1894,-0.0002089175920697084
1895,-0.00033966705051082505
1896,0.00013325286166272863
1897,-0.00012182242322140805
1898,-4.4031412666855324e-05
1899,-0.0005043747659768187
1900,-0.00014828979391447706
1901,-0.0002850484585473484
1902,-0.00010282287842443929
1903,-0.00011901743722442206
1904,-0.00018342296851851954
1905,-7.349877064091677e-05
1906,-0.0001013641635922591
1907,-0.00010309288081096111
1908,-0.000278115079663254
1909,-0.0002215161612747852
1910,-0.0002555564714098462
1911,-0.0002620374111663268
1912,-0.00024338567766736465
1913,-3.6813360284239306e-05
1914,-5.9751500096763586e-05
1915,6.750004672686747e-05
1916,-4.585329558185506e-05
1917,-5.560956143829727e-05
1918,5.204592441045585e-05
1919,-9.60373371249834e-05
1920,-0.0002854158609612959
1921,-1.999402427027243e-05
1922,-0.00020929196922262524
1923,0.0001801908500914598
1924,-7.115176718038665e-05
1925,-0.0002479116216792384
1926,-0.0002516376904447296
1927,-4.804439073490795e-05
1928,1.715825240276134e-05
1929,-3.2492855534958056e-05
1930,-8.522648071500352e-05
1931,-0.0001435148716603354
1932,-0.00014617760638665144
1933,-0.0003484150394044447
1934,-0.0002933165185558899
1935,-0.00037028703432779084
1936,-0.0003133998236643749
1937,9.365530093402569e-05
1938,-0.00010100321719772535
1939,-0.00016794935106924976
1940,-5.423661044332108e-05
1941,-0.000295377135084723
1942,-0.0001423518060176473
1943,-0.00019524524196234546
1944,-0.0002776620955684204
1945,0.00010357404787250389
1946,-0.00027427885413153
1947,-0.00010403826434631877
1948,-2.684578017011953e-05
1949,-0.00018620135234735858
1950,-0.00017443608818683992
1951,-0.0003076139499877627
1952,-3.3367849462375835e-05
1953,-0.0002441575220911696
1954,-3.668889821140785e-05
1955,-0.00015969171036168728
1956,-0.000380278280081544
1957,-8.887605435525025e-05
1958,0.00011334756730026106
1959,1.9885547797723856e-05
1960,0.0003572800075819196
1961,-0.0001541071820452248
1962,-0.00025538351425437756
1963,-3.6952469486127046e-05
1964,-0.00020465555876722158
1965,0.00012619140002360354
1966,-0.00013977407550029382
1967,-0.00032366175060256474
1968,-7.991374788788242e-05
1969,-0.00033037856084741656
1970,-0.0002425350091817536
1971,-0.0001951207308454978
1972,2.129250026283977e-05
1973,-0.00018548645914525383
1974,-0.00023748588465690183
1975,-0.0003704580396453577
1976,-0.00035604655221512557
1977,0.0001293140344103312
1978,0.00014014754808541798
1979,2.860706414000103e-05
1980,-2.4960315527674384e-05
1981,-0.0001227215519476933
1982,-0.0005007410588696086
1983,-5.360845042130284e-05
1984,-7.731995514956676e-05
1985,-0.0004746816219494682
1986,-5.422942409408771e-05
1987,-0.00016127633064512694
1988,3.923496899269355e-05
1989,4.473213197288753e-05
1990,-7.204588223799942e-05
1991,0.0001447597424862492
1992,6.116497541540498e-05
1993,-3.700655289003839e-05
1994,8.24940900372044e-06
1995,-0.00020875688653751085
1996,-0.0003122251968966263
1997,-0.00018470868806430086
1998,-0.00021854661284597903
1999,3.0501591427695864e-05
