iteration,mean_return,sharpe
0,-0.0011237994421016383,-4.070848352625167
1,-0.0007675407283428195,-2.8336110327732644
2,-0.0006318872430542791,-2.285349142290618
3,-0.0003984636984818476,-1.5430783163805886
4,-0.0002296403434667561,-0.921350282631434
5,-0.00037026649046037284,-1.3922829107535966
6,-0.00015590304322972176,-0.6005845681157962
7,-0.0006467158119194671,-2.457455493759361
8,-0.0005452134219159109,-2.105432232976197
9,-0.0007602530069681175,-2.67474262361126
10,-0.000600056055395441,-2.2590169687982855
11,-0.0008612788641071648,-3.289345144574988
12,-0.001023471644275116,-3.5279589823142117
13,-0.0005669650710220774,-2.231215177957993
14,-0.0012329081948139985,-4.679458995341704
15,-0.0008551031677069338,-3.257175905441831
16,9.726676147762598e-05,0.3640662830134878
17,-0.00019873934424771255,-0.7226140923486981
18,-0.0008478023999170163,-3.1136693408203824
19,-0.000589549954503745,-2.2380524109363114
20,-0.00041809284413994903,-1.5551732310993827
21,-0.000877374747838005,-3.206983554068287
22,-0.0007600391380403927,-2.855439884905025
23,-0.00047772656249735044,-1.7407591289865088
24,-0.0004152147535372513,-1.5624140132249926
25,-0.0008468983609042795,-2.969870926493908
26,-0.000649021580711878,-2.5733693583542974
27,-0.0008326604756704735,-2.8514957740956057
28,-0.0008235972679979065,-3.0572641891991417
29,-0.0007294749544368269,-2.672878681556509
30,-0.0010116654491605275,-3.8434693841115157
31,-0.00031919632231800296,-1.154447455819536
32,-0.0008586715301536565,-3.0753058460525606
33,-0.0008129768495003359,-3.0286136473234357
34,-0.0009407168401842042,-3.493230945080503
35,-0.0004283743640774401,-1.5019141349988805
36,-0.0004980490447984851,-1.9030952080854808
37,-0.0009055663586812437,-3.4725290943350515
38,-0.0004084715794859735,-1.5137127838498505
39,-0.0005493780108727557,-2.108485589520621
40,-0.0004121143025778491,-1.5073021442074848
41,-0.001029002387887188,-3.815666084871218
42,-0.00035225096072929595,-1.429961983207508
43,-0.0005215605948690411,-1.9550368533184284
44,-0.0005346943101463807,-1.9886697978187262
45,-0.00030919827278791905,-1.0819778907608593
46,-0.0008187001211028382,-2.8569531166028117
47,-0.0004626873066372818,-1.7008709891380442
48,-0.0008251760723393196,-2.8835568388662054
49,-0.00029212552431993313,-1.1545299006135932
50,-0.000552196025959287,-2.0394590125612226
51,-0.0006788086548078388,-2.618715160515067
52,-0.0009894760369361759,-3.5594983441070283
53,-0.0006098391137896865,-2.0803195405314177
54,-0.0008100994496269719,-3.158983623135659
55,-0.0011369143894822402,-4.2366723488232845
56,-0.0008933194634370007,-3.338392278883927
57,-0.0005352170359529021,-1.9537831642018684
58,-0.0009074872452520245,-3.137471881426957
59,-0.0005581677056368153,-2.0453043084215885
60,-0.0006821319441693352,-2.401015932638753
61,-0.0004241745270330509,-1.6240962050334924
62,-0.0001514807306033818,-0.5831529894754304
63,-0.0008092935099866809,-3.1460286990400372
64,-0.00037875435724646,-1.3763183959618925
65,-0.00034295712890344544,-1.3351795947685798
66,-0.000664855322229682,-2.4730295860770446
67,-0.0010664394366254404,-3.920324463176585
68,-0.0007677504127580745,-2.7460846285487626
69,-0.0006024476758372117,-2.243303249465128
70,-0.0006170902933436021,-2.188575240225254
71,-0.0007670226177508507,-2.8288412229552287
72,-0.0007898406843684685,-2.8231002803755048
73,-0.0010307598998510004,-3.8816088289020745
74,-0.0009363867245362792,-3.4343609384822815
75,-0.0005898200307546036,-2.052984429171049
76,-0.0005730096629791303,-1.995115180017682
77,-0.0007717619646944432,-2.824712561695148
78,-0.000853504656108494,-3.02831608677179
79,-0.0004484823490720766,-1.6098360472520332
80,-0.0004996181050648451,-1.7815446395530155
81,-0.000614926479301528,-2.4020066148151353
82,-0.000567427575637804,-2.1110738556079367
83,-0.0007678606151602101,-2.847930611260109
84,-0.0008999838242045664,-3.1875221931447615
85,-0.000204138260577335,-0.758202515157036
86,-0.0006683106824977599,-2.430617747744044
87,-0.0005736997351687879,-2.033006329076284
88,-2.1305049758711244e-05,-0.07799360021574847
89,-0.0005873141569808937,-2.2140328295555003
90,-0.0002411374598746921,-0.9345565393609178
91,-0.0009385005097055188,-3.6743855404452774
92,-0.0006529077779098959,-2.3957146984867785
93,-0.00026393916492776386,-0.901143337445891
94,-0.0007607762320770174,-2.8334119037494543
95,-0.0005627136909657336,-2.257498900062319
96,-7.366842680763736e-05,-0.2578499430634506
97,-0.0005295808144744872,-1.8720639656403586
98,-0.0006849629617133466,-2.66715618624089
99,-0.0005435266764910794,-1.947876261579403
100,-0.0005957824081299038,-2.287370500609163
101,-0.0008393390648022903,-3.2860580643603288
102,-0.0009005577322604008,-3.3029600719663925
103,-0.00012037457570139943,-0.4428010452479436
104,-0.00037030115484303473,-1.3280910349972475
105,-0.0012063478975506345,-4.099296316732289
106,-0.000846466802959973,-3.127966336012082
107,-0.0009859305698035174,-3.735152256375719
108,-0.0010077434464612932,-3.5822543101421163
109,-0.0004213160195373024,-1.6159329217077119
110,-0.0010589850795458793,-3.909740217205251
111,-0.0007126231713366341,-2.5901510855446106
112,-0.0006025685213564409,-2.205673750104792
113,-0.0003970012658341938,-1.4147514143276523
114,-2.5962497320449494e-05,-0.09858268662308335
115,-0.0007895914630013442,-2.7842848326601484
116,-0.0011822789140409113,-4.198886346963784
117,-0.00035841241898610255,-1.3639880975292336
118,-0.0007553567793082455,-2.7052846676435687
119,-0.0008379604308660964,-3.0696117687805273
120,-0.0006206997913568501,-2.2753268647008067
121,-0.000615045122343131,-2.308718915493645
122,-0.0007470059938751714,-2.8426908638385564
123,-0.0005472186285416205,-1.9815483401706298
124,-0.0004178773093875996,-1.445982031782187
125,-0.0004907638698694549,-1.8715845810276128
126,-0.000732000826331345,-2.638684433996349
127,-0.00021725978779342042,-0.8441458393877629
128,-0.0006045886896827471,-2.160954702046278
129,-0.0008692933761129389,-3.39491559155557
130,-0.0006198598745217169,-2.4554491008919754
131,-0.0003117972070640702,-1.2176773869330364
132,-0.0012500216950828555,-4.424900711457588
133,-0.0002033514988664839,-0.729637968430456
134,-0.0005857023762668349,-2.0961343994382795
135,-0.0008185057515151289,-2.989381242523518
136,-0.0006611477773610225,-2.4444907377721146
137,-0.0010834855305168001,-3.986005804789268
138,-0.0004343638370670551,-1.6030402823618446
139,-0.0007435651015103368,-2.7269370966207926
140,-0.0007841592834518315,-2.9529713605271084
141,-0.000781759323853473,-2.9203937263414304
142,-0.0007379244915460336,-2.7104402237528755
143,0.00025821129115465144,0.9275536306321339
144,-0.0004031915702217064,-1.4210413764184187
145,-0.0006762094014191488,-2.4052723624759356
146,-0.0007927843180885563,-2.9290912648381853
147,-0.0004544329312601921,-1.7362235901668746
148,-0.0014472851845392367,-5.711216936014457
149,-0.0009105644450309388,-3.090413950242404
150,-0.0007299526937738527,-2.6781755280162822
151,-0.000600574834521837,-2.2153020344594925
152,-0.0009631831165343744,-3.584578366512713
153,6.395788127672138e-05,0.239861072817708
154,-0.0009069334169230341,-3.3125415282721704
155,-0.00036923333414327057,-1.3571573556140912
156,-0.0003323167973009437,-1.2364590618431428
157,-0.0004620530349749353,-1.7725713630666502
158,-0.000735671028542492,-2.647156071121308
159,-0.0003273760561313564,-1.2250031550963214
160,-0.0003254059588018578,-1.2445646422744652
161,-8.959319859106039e-05,-0.3318258333164516
162,-0.0005899805365455218,-2.150257162996533
163,-0.000361467972200658,-1.3498647663205716
164,-0.0011622096620065247,-4.280585712993058
165,-0.0005291524054551497,-1.9915447291367006
166,-0.0006662272928529236,-2.3098926274121077
167,-0.000655412775068837,-2.2628480990512796
168,-0.0006427654088470803,-2.270858908497075
169,-0.0002865185529290725,-1.167111509543882
170,-0.0005776184815782928,-2.0823579085425385
171,-0.0008951299233003312,-3.4455852723719813
172,-0.0004220328291042698,-1.6114816494713688
173,-0.0008973140697832379,-3.2519178518133263
174,-0.0003439950044905816,-1.2730423950188192
175,-0.000842028029625508,-2.9987866194977175
176,-0.0007728126807654912,-2.9759496865242157
177,-0.0009626714915989088,-3.636345616576743
178,-0.00038398410180693715,-1.4309095755389876
179,-0.0010663267643604758,-3.9245119963770914
180,-0.00041110989249153586,-1.5692266588617898
181,-0.00044586862011125643,-1.7657932989141443
182,-0.0005025470829803498,-1.8455215600391663
183,-0.00034865608062750275,-1.3060477924344007
184,-0.0003521316427332969,-1.3150134906895599
185,-0.0005786465223822719,-2.206755519504411
186,-0.0010925808063006947,-3.8923604035618857
187,-0.00011858269377504418,-0.4460999782455152
188,-0.0006077201932112514,-2.305288771497652
189,-0.0007417530447175025,-3.0282854696469124
190,-0.0006339358794835943,-2.1609440876865627
191,-0.0002295732451768218,-0.880513326287098
192,-0.0004800418891477281,-1.7481000943921814
193,-0.0005946006594049383,-2.167680760904345
194,-0.00010796292598017776,-0.41081513800355396
195,-0.0008544817951079543,-3.032888789306795
196,-0.00046230543051327855,-1.657138632302517
197,-0.0008127897979089059,-2.902262284812025
198,-0.001068699074677742,-4.118186766587997
199,-0.0003836055716201801,-1.4153999106143957
200,-0.00036744270666179565,-1.353372146307129
201,-0.0005645586969504987,-2.1114318865169257
202,-0.0006634132042083598,-2.607809090333149
203,-0.0005343062284590942,-1.8457471605266005
204,-0.0004594879725653765,-1.6412401523378435
205,-0.0006313029775618147,-2.2453940893875677
206,-0.0010574979353619152,-3.945583462806227
207,-0.0007243264532601785,-2.6285270777845957
208,-0.0010322088287503326,-3.6910247499662256
209,-0.00038913150232761784,-1.390624101306
210,-0.00041842105699916584,-1.6135067439074848
211,-0.0003583801878260866,-1.3314697721426576
212,-0.00084945532140464,-3.38848057052907
213,-0.0005075441355909697,-2.0063178418733303
214,-0.00046462899329526887,-1.7020245884267153
215,-0.0006888521290048388,-2.629383092817277
216,-0.0009711381467934253,-3.3784784271252626
217,-0.0007908441719589533,-2.908223834478941
218,-0.0007868550909501746,-2.8780504208170115
219,-0.00022461343299800767,-0.8126980350855098
220,-0.0005107859838214639,-1.9145181329042547
221,-0.0009877407332487586,-3.536389220597013
222,-0.0003513625028539614,-1.3731801117802953
223,-0.0002485391019248684,-0.9601773797916728
224,-6.623395402812087e-05,-0.2559547312091539
225,-0.0007474620853266525,-2.777961318132397
226,-0.00011872167652441389,-0.4328238000476667
227,-0.0009173750135684499,-3.075845512848619
228,-0.0008264595888437379,-2.99777821999343
229,-0.0006826543269368146,-2.4323937318958317
230,-0.0002490946794585233,-0.9599748821801531
231,-0.0006077146470889263,-2.3778307792657074
232,-0.0008967587563698525,-3.2711320932192134
233,-0.000732535945726664,-2.779338737967556
234,-0.0007852790908917364,-3.010295832697496
235,-0.0005411878862325084,-1.937233161652941
236,-0.00032337394978622076,-1.204921203441053
237,-0.00035418899601296754,-1.2739681999944186
238,-0.000821898897737899,-3.1210479626588783
239,-0.0007407879678434785,-2.6190710298976687
240,-0.001145351765797108,-3.9261814456734756
241,-0.0009061203519911695,-3.420098780531359
242,-0.00041937586214959584,-1.6036919399551763
243,-0.0006102991478741516,-2.333576110389704
244,-0.00098383596990801,-3.7092221397968967
245,-0.0007588172392467277,-2.722434450364725
246,-0.0009331506861264816,-3.5533750377232582
247,-0.00031912902585048785,-1.2970489826747327
248,-0.0005455804213710409,-2.014937078526258
249,-0.0010250511151936466,-3.6119047034212
250,-0.0005936196503337274,-2.1312414084059377
251,-0.0006806324087334672,-2.6037702223547283
252,-0.00051314571468301,-1.860084885120835
253,-0.0007154841295204584,-2.5193544350988386
254,-0.00020140250014278618,-0.7350543880081292
255,-0.0010557780304289001,-3.7770461697041866
256,-0.0002860453452147611,-1.0016854484363609
257,-0.0003784134859231973,-1.435096080351169
258,-0.0005009391156295312,-1.745487787022765
259,-0.0002992486041436703,-1.0979772065862792
260,-0.0003947356247213808,-1.579590205215396
261,-0.00017354627008908874,-0.6198177597711575
262,-0.0012188951002807293,-4.925485074328946
263,-0.00028204211324742655,-1.1384368277683907
264,-0.0001646013911993949,-0.6454920686140725
265,-0.0011146650085298074,-3.88161533337011
266,-0.0009043750701463781,-3.6440554207949893
267,-0.0009993006795276079,-3.6224025916300833
268,-0.0013385743917703249,-5.057360844544943
269,-0.0008958110399820061,-2.9807816736677366
270,-0.0006861916716387736,-2.4977323003768155
271,-0.0006102028212898148,-2.1636618456378476
272,-0.00022778219144278588,-0.8534092999894521
273,-0.0009013445655180063,-3.438459453172174
274,-0.0005276269842492574,-1.929956373931719
275,-0.0010290332062074994,-3.8850175744629127
276,-0.0004345212916700914,-1.613858035005074
277,-0.000580842339603613,-2.1343771837726107
278,-0.0009526900127569824,-3.9458828747574097
279,-0.0007449784791589429,-2.735745634001119
280,-0.0007035905336610055,-2.4470044677570675
281,-0.0008512558438247535,-3.154764342740655
282,-0.0009457169169425633,-3.7391559247035313
283,-9.10932275566492e-05,-0.33561799117751395
284,-0.0006181722027211567,-2.31088215195431
285,-0.0004740284898831538,-1.706740882795214
286,-0.0004326113190073355,-1.6663974388163691
287,-0.0003938134216266483,-1.4651813745113953
288,-0.0005404611755867856,-2.0380252364047897
289,-0.0009041712729440026,-3.3397137568510633
290,-0.0007993701429267219,-3.0081028232162885
291,-0.0006342369813024376,-2.4594791804768694
292,-0.0006660758802826544,-2.5096484275050037
293,-0.0006158646300163837,-2.296405360685496
294,-0.00039932095592317665,-1.5760983194976137
295,-0.00042194142276393514,-1.573473538751363
296,-0.0003458550886746899,-1.3231356088178057
297,-0.0004320535466694046,-1.6747890139944677
298,-0.0003173868532856675,-1.1741140535519283
299,-0.0004105234554141317,-1.535295509435523
300,-0.0006636174657094659,-2.4522919503316394
301,-0.000588840928728862,-2.2487530291284625
302,-0.0006746247946075373,-2.51523813961905
303,-0.0012757564469513462,-4.989408202161888
304,-0.0010166078065769384,-3.671984786333444
305,-0.0007673037080254732,-2.929585281658121
306,-0.0007999902503109782,-3.161746007508128
307,-0.00037644462903322755,-1.4020889136072954
308,-0.0008130675621589484,-2.9054730044366113
309,-0.0007129471298585944,-2.6441389213353164
310,-0.0005640371626333906,-2.2867081064364303
311,-0.0005014995115987157,-1.8561184090127325
312,-0.000625491981624697,-2.1612669745527495
313,-0.000686367015375258,-2.4990423566472533
314,-0.0005998088128228499,-2.222961328925496
315,-0.0006623254077465666,-2.5485105305117854
316,-0.0004102216679917005,-1.6017783200919475
317,-0.0011598130471478848,-4.099293520041966
318,-0.0009295969592815157,-3.6789945644409006
319,-0.0005114153577641358,-1.9089420790361615
320,-0.000653715703236245,-2.3886011961560345
321,-0.0007015103148837803,-2.6378637426498166
322,-0.0003645151268345453,-1.3698607212176677
323,-0.000765415357477804,-2.864225474083146
324,-0.0005243268390819893,-1.9626303405880006
325,-0.0008774629716467565,-3.0128582630836136
326,-0.0007974532823014912,-2.895180904940087
327,-0.0007160485328787303,-2.6986687377286165
328,-0.0004441826109262074,-1.7516871262552431
329,-0.0006384693881616595,-2.264628359107578
330,-0.00024052408906947805,-0.8683666739378173
331,-0.00043865584856172754,-1.6947347030571307
332,-0.0006118163583821032,-2.4619061148654393
333,-0.0007283490382988835,-2.81639063752263
334,-0.0004308848875650502,-1.657725775415791
335,-0.0005632358708101932,-2.0891762222634593
336,-0.0006853347883578877,-2.5587357433825404
337,-1.8522036610874935e-05,-0.07101103385209355
338,-0.0007148552751529668,-2.790112272441476
339,-0.0007844661793834619,-2.904609107800809
340,-0.00044051633241433424,-1.6644655561858916
341,-0.0005171670162356568,-1.9449774541886462
342,-0.000457711052134931,-1.6699096684830759
343,-0.0013277270411397115,-4.814615217988839
344,-0.0004493683591854478,-1.7250631540903032
345,-0.0009351173424767487,-3.456265055422866
346,-0.0005003584109498329,-1.8914587416551658
347,-0.0001534815377683902,-0.5835639850188316
348,-0.00098254934434585,-3.8444403668618565
349,-0.001080607470750295,-3.9268387155515594
350,-0.0006127518167377252,-2.0874455203505664
351,-0.0008692849418251504,-3.1590784195671975
352,-0.0010644469590665986,-3.5620687780831752
353,-0.0006847489713588224,-2.6884294463396694
354,-0.001206044995759337,-4.203953118582967
355,-0.0009124370028121357,-3.464038876767509
356,-0.0007659758618447086,-2.5376003623464087
357,-0.0006244453518353631,-2.1777744253998845
358,-0.0004716492848741224,-1.7489795410756357
359,-0.0009235107797841493,-3.549603230666831
360,-0.0004765405615649455,-1.6789051701032103
361,-0.000746153181101946,-2.6823017104380398
362,-0.0007576196798732259,-2.730039491077435
363,-0.0009206302670828234,-3.4773208131161764
364,-0.000400393786642758,-1.4613541340343401
365,-0.0006117969503679102,-2.297774914463017
366,-0.00016729487465684176,-0.6172336882490242
367,-0.0006727267251414945,-2.5968842991447643
368,-0.0008982407905898156,-3.1971237580744654
369,-0.0006791668546977584,-2.5373948941882323
370,-0.0003626448190806584,-1.3820886223775528
371,-0.0009775881925423765,-3.270119437100762
372,-0.0009146885133365541,-3.18410206641974
373,-0.000716914068657507,-2.4354796959112126
374,-0.000550129581872016,-1.9822557603478717
375,-0.0010717619073354946,-3.919801934643661
376,-0.000703863961755791,-2.6305758210144474
377,-0.00029267952363632783,-1.0716828233104903
378,-0.0008982120242757242,-3.341703216172986
379,-0.00046929285169653383,-1.7087424271756297
380,-0.0006683285446585587,-2.5938668177133413
381,-0.0010462564611768588,-4.021875972881492
382,-0.0007614371492682117,-2.8684145991440393
383,-0.000834987596938141,-3.1516103813684957
384,-0.0007840269985017974,-2.8532735068744093
385,-0.0009419978909580353,-3.5485137601944245
386,-0.000557583533573315,-2.163255666059186
387,-0.0009589338148346708,-3.5259286110540016
388,-0.0005543237204222599,-2.018594770897518
389,-0.0006478478547554828,-2.3064390918623885
390,-0.00035853933624483043,-1.413630345989815
391,-0.0004385759393485991,-1.604028162055357
392,-0.00040261744690120926,-1.4819519002804453
393,-0.0005333650127289641,-1.8811225744121274
394,-0.0011030997083222376,-3.9648175662343816
395,-0.0009583640260724612,-3.4490775863458727
396,-0.0002414243194814606,-0.9312247175612072
397,-0.0008082627164113581,-3.048388627889876
398,-0.0007867744715772409,-2.995795488910924
399,-0.0008405944846036277,-3.014426358771099
400,-0.0007999246830223945,-3.0530150780914207
401,-0.00036260249322852883,-1.40309348497116
402,-0.0008769306974731303,-3.251694464327365
403,-0.0008330873725773349,-3.1522721679735963
404,-0.000567808885510837,-1.987002097775306
405,-0.0005906541640678886,-2.3693701715310485
406,-0.0008875390761292776,-3.3574333989858
407,-0.0002863133975953582,-1.0469139151625064
408,-0.0010420162969563705,-3.7851990160008255
409,-0.0003175547335146039,-1.2269795152519067
410,-0.001027128688833921,-3.7571155617571854
411,-0.0005357534891239079,-2.072371812757515
412,-0.0008893471841039445,-3.4645045231403766
413,-0.0002785752777730122,-0.9793249583817277
414,-0.00011385969285091533,-0.4349541467959472
415,-0.0005917103942279446,-2.1306589888190453
416,-0.0009095515297929383,-3.2186513085763577
417,-0.0007127196907418876,-2.798731884035631
418,-0.0003769913294658331,-1.4150072252410701
419,-0.0008993975197339508,-3.4303529903437764
420,-5.8025884740693266e-05,-0.21781944125706906
421,-0.0007758396669074626,-2.652178694464279
422,-0.00018288233200870928,-0.7254271106799333
423,-0.0008967028307853908,-3.411067677466838
424,-0.0006756818188826081,-2.607712755079268
425,-0.0007938456363975265,-3.0572391749947427
426,-0.0008823669977333908,-3.379561139775785
427,-0.00032129322210257646,-1.2811976018464162
428,-0.0006286087387840599,-2.332664825053083
429,-0.00035519439321126105,-1.347445829587245
430,-0.0006577074097084984,-2.445459312655458
431,-0.0001311471304163908,-0.5112066522775075
432,-0.000588030084206524,-2.1460615640436322
433,-0.0008490708870477769,-3.1065234197714586
434,-0.0004880340537873963,-1.8432085789412023
435,-0.0010023672908158487,-3.3216796843500647
436,-0.0004853023554648272,-1.7951099932140384
437,3.4210492419316713e-05,0.13016306417264353
438,-0.0006379065910221757,-2.4394334430627223
439,-0.0007994749726031752,-2.8682974957245704
440,-0.00015703220707533278,-0.6105132750774185
441,-0.00037863849210858033,-1.3663473747048336
442,-0.0009415478334757764,-3.487055882235431
443,-0.001017637190962448,-3.560923200340604
444,-0.0008567464361621581,-3.1710013307030307
445,-0.0007156294459207022,-2.853526820248001
446,-0.0003493173726800289,-1.3708204789092604
447,-0.0005979324072422068,-2.2498631875405426
448,-0.00040800802802753083,-1.4974211847334498
449,-0.0006073628761520611,-2.2300828663554313
450,-0.0008546996222185096,-3.187407298788227
451,-0.0005100431916578686,-1.7775969710746793
452,-0.0009128339413579594,-3.1398782376823786
453,-0.0005762006072833651,-2.1262704501862477
454,-0.0005974569165015917,-2.329659244044601
455,-0.00023353921950062463,-0.8753600813910271
456,-0.0007212360887601732,-2.666650540630966
457,-0.0006697930557067022,-2.638566580187214
458,-0.00020534571505538804,-0.7639729934791428
459,-0.00048824217987593674,-1.7257052346051913
460,-0.0007212923834052212,-2.8322283116975946
461,-0.0007095701836902658,-2.6244808090239498
462,-0.000994876266199266,-3.513700068190012
463,-0.0007326360190293348,-2.7308382565441662
464,-0.00020755759992440993,-0.7904180338562711
465,-0.0005423595869351764,-1.9913472233865928
466,-0.0006935310039648969,-2.699597502628763
467,-0.0008396643354496666,-2.8834354551161274
468,-0.00047304618008437723,-1.7434702793248689
469,-0.0005590386775333503,-2.1610986321800234
470,-0.000389228787030026,-1.3720278956347585
471,-0.0003303827689553399,-1.2632789993233535
472,-0.0006943822458490669,-2.581412241546974
473,-0.0009875610061421045,-3.7285227621799266
474,-0.0007140344614936446,-2.762581216589189
475,-0.0013425959580801,-4.540181659641419
476,-0.0002871402686512447,-1.1161231532821843
477,-0.0003773738665172815,-1.4152602008652313
478,-0.0005994807331463549,-2.2551075881214127
479,-0.0002973622782168044,-1.113283400250331
480,-0.0008761708497826218,-3.0493098988105864
481,-0.00033292433682001937,-1.305112927431901
482,-0.0007888195222454712,-3.048392987195492
483,9.121052793296586e-05,0.35050288659418144
484,-0.0005154897147455953,-1.9864442946369734
485,-0.0007598944688336284,-2.8558150699598075
486,7.077758773967678e-05,0.24929710758291249
487,-0.0006260221614727383,-2.300601150388693
488,-0.0009339505386115362,-3.6118662787570615
489,-0.0006507373856447937,-2.537956564899319
490,-0.0006885046582135241,-2.6966715696300647
491,-0.0004662422582266241,-1.8424004930860396
492,-0.0005767460888647528,-2.1207016211072585
493,-0.0007517940204178468,-2.741976402363099
494,-0.0003030570710051796,-1.1928592665797495
495,-0.0004029239630561959,-1.5848522997759276
496,-0.00032424542481656406,-1.220235005054379
497,-0.0006638493972564057,-2.352140745146302
498,-0.0010528078410402,-3.8559356262995084
499,-0.0005192357451169181,-1.9031437754976621
500,-0.0005000190850063386,-1.8857099451416934
501,-0.0006705547191524252,-2.430775981596775
502,-0.0006563462123810685,-2.3260341361879266
503,-0.000778452863621887,-2.9419811863162493
504,-0.0007166415264476022,-2.7723550561668224
505,-0.0007145394728461756,-2.8263066638425576
506,-0.000862620333697838,-3.334593480280028
507,-0.000336611476139691,-1.297047376206066
508,-0.0005564138261975739,-1.996990703430098
509,-0.0010180323497044881,-3.954792547103802
510,-0.0004807444590297313,-1.7451728784693321
511,-0.00032115420212155683,-1.2196378502366092
512,-0.00023697814588866,-0.9182025530207714
513,-0.000414658291057035,-1.6522988668541085
514,-0.0008016127947683573,-3.088267420027823
515,-0.00033723446007968177,-1.2415450542352944
516,-0.0007032164687276998,-2.6647191621350896
517,-0.001057581135361961,-3.7819130445733236
518,-0.0011069656311327412,-4.00168438295165
519,-0.0002704041990433349,-1.009828330944081
520,-0.0008806468624695095,-3.3583660896306906
521,-0.0009125085493979154,-3.199832367976448
522,-0.0009669803643343929,-3.7342638188945347
523,-0.00031821873448260174,-1.2574722770850608
524,-0.0004743851507008778,-1.7339497044575203
525,-0.0010450022548632318,-3.7809341167336377
526,-0.00019350808697536282,-0.7055143263356295
527,-0.0007193941894218496,-2.7228149501132783
528,-0.0004181480289341824,-1.6473375950536706
529,-0.0005940436891434191,-2.297744065237272
530,-0.0003320917567863175,-1.231600944023104
531,-0.0007234887308940289,-2.656824903665027
532,-0.0010498201592572221,-3.940851871011119
533,-0.0009536406260358954,-3.70854075957318
534,-0.00046195468117423533,-1.7337639569632386
535,-0.0008180714283077179,-3.1202104272178115
536,-0.00015638041957212972,-0.5673048055507367
537,-0.0006300577905340756,-2.3078573280254964
538,-0.00042307896551147585,-1.541598208294671
539,7.87486409015769e-06,0.030469302928480716
540,-0.0006480599575852049,-2.4209103784706483
541,-0.0008476629315022601,-2.95788983217821
542,-0.0005833268860195391,-2.3450580138580666
543,-0.0002095406716225792,-0.8106013174910466
544,-0.00047764469193699283,-1.7891042374987254
545,-0.0006256568086044071,-2.264843298388594
546,-0.0006035565076938357,-2.335057281195679
547,-0.0002905232928013912,-1.1097185885200975
548,-0.0009167250717133054,-3.476110486519811
549,-0.0009608986938667738,-3.486849703150605
550,-0.000611028389404814,-2.394571363613421
551,-0.000824076382103376,-3.0648761151655206
552,0.0001503383249713145,0.600703024245276
553,-0.0003023904295249763,-1.1405706661034958
554,-0.000880111950879236,-3.074670720249935
555,-0.0006538186201788527,-2.3846282807134296
556,-0.0005468673110011089,-2.1239675277466437
557,-0.0005241734369678781,-2.004293779899648
558,-0.0011455833089778478,-4.248304181104632
559,-0.001389207669893279,-4.97692141279147
560,-0.0009059599377580214,-3.2172030698901875
561,-0.00024268229139156206,-0.931018755355988
562,-0.0008768470043915442,-3.0873601922509417
563,-0.0006518444688694059,-2.3693792909483236
564,-0.0004909226483345866,-1.9186096903246666
565,-0.00047845562361281636,-1.7255829255710842
566,-0.001198297811808696,-4.4444102121088145
567,-0.0006331445412736739,-2.1194474243320127
568,-0.0007091802332009007,-2.7103027240201976
569,-0.0006426592961915083,-2.501281002126722
570,-0.0003951581532878295,-1.4675457443561157
571,-0.0004495274260195507,-1.7110068978062125
572,-0.0002655259096388204,-1.0163587950391404
573,-0.0006133909920182948,-2.2756307454753775
574,-0.00045230147037302065,-1.6769432503810358
575,-0.0005686523367135056,-2.1654887364012585
576,-0.001014128625413215,-3.6547797745911597
577,-0.0010794463235301915,-4.095953844364602
578,-0.0006393709769836668,-2.359442140827166
579,-0.0005161894182229182,-1.8756560043194588
580,-0.000977212577214221,-3.6899810950188003
581,-0.0004329845747615896,-1.6989381272586435
582,-0.0007081014811380861,-2.783088442298064
583,-0.0009568839680001834,-3.605837799846417
584,-0.000943191418855683,-3.6125928177708375
585,-0.0012759099299452282,-4.607295877203982
586,-0.0009342537850916071,-3.4979442769757765
587,-0.00081901441102552,-3.3096534092013385
588,-0.0008720198370012224,-3.1821713148266624
589,-0.0012663974354288235,-4.643518961384012
590,-0.0004882900450942522,-1.6355242356997128
591,-0.00043253388685851547,-1.6811417787025735
592,-4.9404955833579613e-05,-0.17808467201756994
593,-0.0005856455193474462,-2.2388933343216717
594,-0.0010342266881579723,-3.797814178666274
595,-0.00036584133627408225,-1.358788641019152
596,-0.0007806751284676251,-2.9729026234825215
597,-0.0005490158471048811,-2.086149321624944
598,-0.001091264934070629,-4.14417725508882
599,-0.0010483402131288922,-3.6655916926647234
600,-0.0005131168839856924,-2.022750124725589
601,-0.00035103410460768397,-1.3240063427725357
602,-0.00025147799662359057,-0.9637205719286901
603,-0.000999754320118933,-3.5148545584216855
604,-0.0006788243826787924,-2.650974915395511
605,-0.0009870715410305834,-3.655799689420395
606,-0.00041054075097907427,-1.58843717767353
607,-0.0001532251513152612,-0.5891566516397287
608,-0.0010926023308374389,-3.9735710242105826
609,-0.0008362112044366278,-3.0711254337222713
610,-0.0008298375396810775,-3.1213949952775133
611,-0.0007952407837966095,-3.0405652608780924
612,-0.0005991716251151962,-2.214457532660521
613,-0.0007528378908553831,-2.862854013594778
614,-0.0012133078159532514,-4.241618633308079
615,-0.000495335579459822,-1.9559824470467873
616,-0.000548024390450645,-2.0429834844752435
617,-0.0009853038726883696,-3.539088721422868
618,-0.0002516376630532081,-0.9846571518241742
619,-0.0007152237255389452,-2.6003660064740335
620,-0.0005251018544142066,-1.8745153177757934
621,-0.00042933001686936193,-1.5869071920398563
622,-0.0007653289638383815,-3.0261338144619216
623,-0.00021916329555806034,-0.7762089840897791
624,-0.00026712488239115443,-1.0391038358491507
625,-0.00056902074419878,-2.140699938761667
626,-0.0005980108082676952,-2.459814911856518
627,-0.00041405441320295445,-1.6003891502876624
628,-0.0007108051834400025,-2.5397040207534594
629,-0.0006109873286041093,-2.2397608477603117
630,-0.0003291074657250145,-1.2928203982445126
631,-0.000495405258891138,-1.8057974478687278
632,-0.0008025022295773996,-2.949229875901071
633,-0.0007778567462261801,-2.9210081575066327
634,-0.0006636671900254161,-2.5234464239068437
635,-0.00023878465932490692,-0.8718459837811044
636,-0.00044879613940351407,-1.5899071489140777
637,-0.000527117644547237,-1.939011913414727
638,-0.0004389132122935431,-1.7202742763473386
639,-0.0010696940531654566,-3.750009761451847
640,-0.0008306279096949191,-3.240649301476088
641,-0.0005895425034578555,-2.3287350090690038
642,-0.0002181958768106694,-0.8045469550468549
643,-0.0009893735567462513,-3.668866859610464
644,-0.000360047846561434,-1.2538085447771274
645,-0.0006196891079483097,-2.2390916341333607
646,-0.0009931794286714476,-3.628951537977368
647,-0.00020442673337250756,-0.7300793347733728
648,-0.0007338792355132006,-2.6773910087788355
649,-5.930079440139344e-05,-0.22455766698083618
650,-0.0010181247515883042,-3.679365643410139
651,-0.0007966687816456352,-3.0801766302530202
652,-0.00022348848530097162,-0.8646068502330319
653,-0.00038400668611360104,-1.461359203095384
654,-0.000434254485430741,-1.6860459816393139
655,-0.0007402711890631547,-2.7844914374603733
656,-0.0005403776884156945,-2.1509440156854605
657,-0.0008677173282828641,-2.974690585112392
658,-0.0006771617494559078,-2.469645219166751
659,-0.0007848814610351583,-2.9240502632109933
660,-0.00034112082390273167,-1.1806067069436001
661,-0.0011505465479684195,-4.212245393924409
662,-0.0012914377444076552,-4.741515399379106
663,-0.0004598938395261551,-1.6877936639876092
664,-0.000881793960079901,-3.4678760729648523
665,-0.0003345889557456878,-1.2405127836269019
666,-0.0006798576379150117,-2.455021762074808
667,-0.0006775378341495661,-2.404077078582837
668,-0.0010433946292011471,-3.7908018481947727
669,-0.0009909506750954043,-3.434111122616165
670,-0.00039773687652297555,-1.4135923303409292
671,-0.0007791241809355982,-2.8574673911019914
672,-0.0005574383845900591,-2.2395928077487315
673,-0.0005995730713052158,-2.1954090985464707
674,-0.00038134201949200974,-1.4109453245925736
675,-0.0009509225544575218,-3.2529229040393437
676,-0.0004041309056536391,-1.5069634584067375
677,-0.00048602406864035045,-1.7732743290496447
678,-0.0007877495590434668,-2.958691925047832
679,-0.0008427781495231667,-3.0340849802068823
680,-0.0002897652249751123,-1.1612713177533815
681,-0.0007732261306126219,-2.7089502866724793
682,-0.00033719008696697015,-1.2906789404728578
683,-0.000527518960538834,-1.8762531304999637
684,-0.000640288360271196,-2.3230036246165344
685,-0.00031237392220216225,-1.1049859242141598
686,-0.0004936211366305966,-1.6501624435276077
687,-0.0006032796588414773,-2.2968622190285983
688,-0.0007204754829183035,-2.644897769503031
689,-0.00040238059359974697,-1.5482809276306764
690,-0.0010172900826251432,-3.5029698094944903
691,-0.00026091346980975115,-0.9967581263021722
692,-0.0007734041788902356,-2.8746405274537774
693,-0.0006365657987942602,-2.416880856438352
694,-0.0007407704124240152,-2.7743999529519865
695,-0.0005947262929579118,-2.346638127487167
696,-0.0012246426802629573,-4.470833035331857
697,-0.0007966309327153201,-2.9407881411116623
698,-0.0006277450791921523,-2.142985956066478
699,-0.0004460461116448032,-1.6861713006039936
700,-0.0001776909868978387,-0.6538830701437117
701,-0.0006481084878711632,-2.4471376539265615
702,-0.0006141459346018351,-2.2728756788388034
703,-0.0005739212744757424,-2.10737144159883
704,-0.0010726601450199247,-4.0207206342676685
705,-0.0005813626643092093,-2.0299121488670124
706,-0.000557732008290223,-2.1117080487099718
707,-0.0005886136436144369,-2.1780830889385787
708,-0.0004936729822823878,-1.8381027199550712
709,-0.0006869212953804053,-2.4612715613485854
710,-0.000797625725177885,-2.880087111442212
711,-0.0005697318164610478,-2.24876593425838
712,-0.0008014407510631425,-2.9293282035037684
713,-0.0008823752672579786,-3.363913235945759
714,-0.0006816381738170698,-2.5531505210723116
715,-0.001062606611741048,-3.5350004874049334
716,-0.0004865519469426333,-1.8359677905492175
717,-0.00038380390650793686,-1.457436394788127
718,-0.0006021480891244471,-2.178539630473641
719,-0.0005517984360935066,-2.1758072521175524
720,-0.0005405075928883591,-2.064984706089311
721,-0.0006580587357993999,-2.3118290081034893
722,-0.0002634438620163163,-0.953204677751241
723,-0.0005527727022269487,-2.0047839252405755
724,-0.0007685992299646565,-2.786809771857147
725,-0.0004461927185670718,-1.6829685249395134
726,-0.0005474087002157824,-2.0309381950537837
727,-0.0005073501396983567,-1.894561248201805
728,-0.0004683954632434067,-1.8065003537827526
729,-0.0007434353804313366,-2.8516404764741887
730,-0.0008389044489867792,-3.1239635595284194
731,-0.00023519334777261333,-0.9051790873178557
732,-0.000947270322636953,-3.666662928976342
733,-0.0007485952197897935,-2.6960658108898046
734,-0.00057376484334462,-2.0772000578271643
735,-0.0011353313088347473,-3.8124865876338356
736,-0.0004348578662861181,-1.5998130843835219
737,-0.0012374365594072364,-4.363127862978015
738,-0.00031139241956013356,-1.139945436396038
739,-0.0003578697579329064,-1.28653436140518
740,-0.0006252804976936105,-2.1627449833569803
741,-0.001115443904748788,-4.149592988961443
742,-0.00023240489412436745,-0.8819321554487676
743,-0.0007377840445410105,-2.579831653390738
744,-0.0007619068627026954,-2.811444193778593
745,-0.0008650903371925386,-2.88512083905133
746,-0.00013541337656537323,-0.5000150109491744
747,-0.000905578492359808,-3.5059196752024273
748,-0.0006496868856455333,-2.3430970512088356
749,-0.0006508464761367851,-2.3906010430961024
750,-0.0008913069840455987,-3.3513795740603
751,-0.0007599050129452597,-3.049093271837502
752,-0.0008969468419237046,-3.315845164353973
753,-0.00034882733760116573,-1.2681748801245631
754,-0.0005036521303931414,-1.8615628465395944
755,-0.0005746186952891462,-2.1432045489591065
756,-0.0002640312013457779,-0.9977502083204342
757,-0.0010273773372490383,-3.799497164770188
758,-0.0008602524445992082,-3.0493509420770746
759,-0.0008303286218215681,-3.146292622333417
760,-0.000517418058963265,-1.9170399859228189
761,-0.0005191437201344329,-1.999763063019684
762,-0.0008492247395538654,-3.1002415949932955
763,-0.0007208758631438129,-2.5541399696249054
764,-0.0002923706152840763,-1.0741031186048888
765,-0.0005480802756026883,-2.0073325374382156
766,-0.0004577373735460336,-1.7761740851845955
767,-0.0011522657720182859,-4.445629573510201
768,-0.0005050018215876743,-1.9999510462157788
769,-0.0006005892406043628,-2.178140992709101
770,-0.0006236204144130577,-2.1934618646311175
771,-0.0007986406575102584,-2.8863929552396046
772,-0.0008476989556846916,-3.263205699878572
773,-0.0003806047874129574,-1.4823788627633807
774,-0.000971567561523611,-3.629607032309356
775,-0.00025067897094345145,-0.8891899637481038
776,-0.0005344792240027403,-2.0549851288914893
777,-0.00043540163210099684,-1.64137079199666
778,-0.0006557364225749041,-2.301379579671922
779,-0.0009249030172127448,-3.4879695980915084
780,-0.0006692520955729398,-2.4623720144755485
781,-0.0005719115090314215,-2.1706506356485504
782,-0.00010630795986648711,-0.42005315857956577
783,-0.00043472567211142593,-1.5160846036058346
784,-0.000674991356847942,-2.7331543138075705
785,-0.0002665131639535275,-1.0026654942482343
786,-0.0003697760263395559,-1.4354489312926813
787,2.1700633870448587e-05,0.07687308795773486
788,-0.0008919070899677408,-3.2817844320119773
789,-0.0002859193122729951,-1.1123536266551275
790,-0.0008414520599181987,-3.228616476027996
791,-0.0005915195271046903,-2.2390754115047025
792,-0.00030671917304328765,-1.1169408097578126
793,-0.000818694192557907,-3.155510768226123
794,-0.0011135117614516135,-4.2159067351386685
795,-0.0007236172619201746,-2.560856573843162
796,-0.0004942055449539947,-1.7956355049951227
797,-0.0011188294324464298,-3.906491837807806
798,-0.0008479940704475159,-2.9837914287707483
799,-0.00010075581112960816,-0.3870235903670802
800,-0.0004915047212379421,-1.8815573096903109
801,-0.0011788368402703502,-4.348516834326742
802,-0.0006247066668844761,-2.2288182711717455
803,-0.0005880593452769954,-2.0777443182324706
804,-0.0005407564226531716,-1.9824285418211542
805,-0.0006193389121440284,-2.3291763901629223
806,-0.0009035680520411185,-3.3535097571689185
807,-0.0008893928685518521,-3.3475810096923992
808,-0.0010041476128022052,-3.464398792877391
809,-0.0005952083939363715,-2.37485652312071
810,-0.0009075605707387105,-3.1862300007698146
811,-0.00051415055082447,-1.8592562934117276
812,-9.574499570269706e-05,-0.34451073470856686
813,-0.0009575359887811552,-3.1294936087857064
814,-0.0006784662282315876,-2.400403733938904
815,-0.0008020777377692001,-3.1194356869849873
816,-0.000799311627741744,-3.0998025485477556
817,-0.0008453128832319819,-3.146096611322098
818,-0.0006540595595768702,-2.4612176949769693
819,-0.0007320271633000396,-2.669529734856739
820,-0.0011471454594865545,-4.264382232111401
821,-0.000751338031962119,-2.78289032039161
822,-0.0004978947560214228,-1.8758474852074272
823,-0.0006161187045251707,-2.3636748044381335
824,-0.0009006289000987681,-3.1650939439475807
825,-0.0009795571239516183,-3.4817663528399936
826,-0.00018302134703737484,-0.7252518789771648
827,-0.0006230784390058294,-2.480443089284615
828,-0.00029596878535636465,-1.132644424302669
829,-0.0007672538850462874,-3.1028953902863656
830,-0.0006951739522284391,-2.724211495594194
831,-0.0008766587733446573,-3.3864578396014307
832,-0.0005267274597959076,-1.9155692574316687
833,-0.0008920320257347337,-3.2981398618298954
834,-0.0009810590175300155,-3.9157890835780083
835,-0.000486373319532442,-1.803688620083005
836,-0.0009959672150844556,-3.77694301543538
837,-0.0005179411525784508,-2.05001733546079
838,-0.0006228531073786751,-2.2735744855495623
839,-0.0002102824238693621,-0.7644895045658918
840,-0.00033508175594019427,-1.2458754577055164
841,-0.0002307290358531177,-0.9009947088997887
842,-0.0005958022483390987,-2.2105527785290193
843,-0.0001995095034534544,-0.7262861326840152
844,-0.0009414524977237101,-3.488470835725423
845,-0.0001478187543206572,-0.5772619706501046
846,-0.000922810573935292,-3.5021719895083288
847,-0.0003381810089439242,-1.2525241826613471
848,-0.0010399284906939894,-4.078873437120614
849,-0.00022551251568561238,-0.8603722683896984
850,-0.0009826374863933127,-3.6558187401409086
851,-0.00030629453416290014,-1.1399404009782714
852,-0.001199859508185839,-4.488619769222629
853,-0.0008558978430418885,-3.060513055757005
854,-0.0008643472067066465,-3.307865804664394
855,-0.0008593914117902238,-3.0456925993920443
856,-0.0006454604200327401,-2.234107488915311
857,-0.00021517041179994168,-0.7921708167432395
858,-2.6903434132055015e-05,-0.09870495708046459
859,-0.0004747474151402018,-1.8718519401499718
860,-0.0007757808721159974,-2.802685907111825
861,-0.0004222356814133587,-1.625317484362549
862,-0.000972174624689688,-3.5896245204410584
863,-0.0003858182108360667,-1.5519665039439687
864,-0.0003432402737769675,-1.3033445480841466
865,-0.0003627709092693624,-1.357126836502721
866,-0.00031156852223883347,-1.1974440017995334
867,-0.001265914786410878,-4.414334265781869
868,-0.000973841466022171,-3.474140671206297
869,-0.00039330616975951884,-1.506328087530344
870,-0.0005686329318506854,-2.208825243067682
871,-0.0002985054172380533,-1.1257287700270195
872,-0.00021302004817238206,-0.8029835180431047
873,-0.0007409339400015701,-2.656160551682885
874,-0.0006886556361814419,-2.6836757706245424
875,-0.0005255976522822237,-1.9488091990954113
876,-0.0006818291863289523,-2.6507271354793236
877,-0.0007060138051093699,-2.5314395875244013
878,-0.0005423443883010439,-2.0028719857491564
879,-0.0004524866102624654,-1.681713375116493
880,-0.00022827897015766452,-0.8871839370088155
881,-0.0004335213127193278,-1.6350552985085933
882,-0.0008920086442152175,-3.262889693278317
883,-0.00040119384296736734,-1.456292083887735
884,-0.0008957130628038847,-3.3886677342084166
885,2.294236270919759e-05,0.08815938747856311
886,-0.0007447910376845107,-2.650100584874225
887,-0.0008085998533611707,-3.01255240759946
888,-0.00010979280211392669,-0.40821764127524873
889,-0.0005793894536376397,-2.2748794482737105
890,-0.0005159103831979899,-1.9299040322871202
891,-0.000672194596106801,-2.5040354902168156
892,-0.0008341654033957662,-2.998787794481399
893,-0.0008414298122903852,-3.1527662400190595
894,-0.00030673027700260365,-1.129400042004461
895,-0.0008816838572932849,-3.24255827570671
896,-0.000616448405712356,-2.2652598461767997
897,-0.0007315664402959608,-2.6255082824677993
898,-0.0008730883335285117,-3.229298494029796
899,-0.0006241028671210046,-2.3186617965757166
900,-0.0007081247248857559,-2.51955307934743
901,-0.0008542291277028908,-3.11045944938185
902,-0.00038183939123628504,-1.4385495246688667
903,-0.0003197258765312976,-1.2192256967125155
904,-4.6841085997299604e-06,-0.017603707030326175
905,-0.0009167012346019451,-3.402089291678131
906,-0.0008281284104261764,-3.1381157581389183
907,-0.000902013673060178,-3.3869310289938204
908,-0.00039248715364109037,-1.4904191819230481
909,-0.00027325963357009226,-0.9875066202348112
910,-0.00019277398244763196,-0.7539496157039465
911,-0.0004280785329614982,-1.701651271739938
912,-0.00013570596069252135,-0.5168977594696044
913,-0.0007641967189629146,-2.7585893317536265
914,-0.0001224525362166454,-0.45336918167183277
915,-0.0007691391382055684,-3.0354270635668983
916,-0.0009583999283924381,-3.759638942428564
917,-0.0007953513069424984,-3.048650851293711
918,-0.00043728472540617043,-1.6495900889550754
919,-0.0008706456066338891,-3.309931954942116
920,-0.0005576088735558122,-2.026464285690646
921,-0.0009630783583713556,-3.3256044262911955
922,-0.0014610100476266997,-5.074325629244375
923,-0.0006096205503124384,-2.1931064304966736
924,-0.0005890347177040911,-1.9993882801662308
925,-0.001118760962677429,-4.2134085196298425
926,-0.0006026516950684953,-2.1657417669278036
927,-0.00031827895390336273,-1.244552821791497
928,-0.0006798587437304065,-2.3907851641135807
929,-0.0007534944787309596,-2.622584346710476
930,-0.00044441771927095227,-1.792038721130258
931,-0.0001862536047619467,-0.7146023195897783
932,-0.0005843668650771504,-2.104850006334249
933,-0.0005153931679157691,-1.944223846754527
934,-0.0009772519896313974,-3.5599776575438695
935,-0.0005488274932684285,-1.9988566847610116
936,-0.0005495340597028185,-1.9564749588796968
937,-0.0005240457596811949,-2.0267440121054983
938,-0.0005564377125238065,-2.20919174508359
939,-0.000988320355931666,-3.58751964555598
940,-0.0005675233564846556,-2.1576418939198194
941,-0.0005268119647560391,-2.028450989830812
942,-0.00035043121656300256,-1.3666747683086422
943,-0.000877726097547891,-3.0610724503565985
944,-0.000535027483273308,-2.0879151432174763
945,-0.0005400336666537005,-2.111312572378142
946,-0.00020076097141604168,-0.7026557162542122
947,-0.0008656336612922698,-3.272296168566945
948,-0.00032263461473614423,-1.1812938567182898
949,-0.000330821758519478,-1.2849222251169452
950,-0.0008430932202069682,-3.208975943344666
951,-0.0005829114260936457,-2.154457826553383
952,-0.00016053130168586314,-0.5872072302071927
953,-0.0003510594495184764,-1.3857644732885233
954,-0.000822005143774364,-2.953523911756458
955,-0.0007778288915739225,-2.8028844840810248
956,-0.0005567798112165969,-2.0881521654822253
957,-0.0007215030821323242,-2.751214641513397
958,-0.0003126882937135629,-1.1951989680340644
959,-0.0005310988730373663,-1.9492746455349417
960,-0.0004174455422111568,-1.5174625400404922
961,-0.0006209678149550546,-2.285758078287606
962,-0.000863435545517549,-3.2201067833935153
963,-0.000579770062798373,-2.3670339445359443
964,-0.0008566916339565815,-3.251001435353996
965,-0.0008023891009920107,-3.0615963942524256
966,-0.0008114553717096286,-2.8776762890717977
967,-0.0005829877046440333,-2.110576530887725
968,-0.0008995165593640495,-3.140110724247153
969,-0.0006785084977694709,-2.4763722960818764
970,-0.0004855037264883255,-1.8342223600472964
971,-0.0008510421061216478,-3.237406431814612
972,-0.0005306537338207997,-1.9338503753137037
973,-0.001296177919182913,-4.611219396152739
974,-0.0001962675479672238,-0.7208624024148985
975,-0.0012163532295739847,-4.459247690798147
976,-0.0009133292304509909,-3.235093284077536
977,-0.000542446458681019,-1.9665637214362983
978,-0.0009044892757347422,-3.29457716681201
979,-0.0005606594117137701,-2.0041875514273992
980,-0.00047729744035935435,-1.7568422505921844
981,-0.0002966010268995059,-1.092769341052488
982,-0.0006363795349046954,-2.2767608644848614
983,-0.0003377467235534982,-1.2566772714223198
984,-0.000488529908156821,-1.8008152170555702
985,-0.0006749417520731958,-2.42855555865581
986,-0.0005280613249614736,-1.7469208788890978
987,-0.001001662794253626,-3.5399758309406337
988,-0.0013215619733332783,-4.6847588585457665
989,-0.0005686833061309194,-2.0179152403605998
990,-0.00042486486196324726,-1.6048125436584975
991,-0.00013659192219897637,-0.5163130870229935
992,-0.0001786381394470994,-0.6469749045749676
993,-0.00017354425659209285,-0.645628434373092
994,-0.0003854851631124689,-1.3760608457558372
995,-0.0005675784640979471,-2.141244063907846
996,-0.0003484562532824929,-1.2758222267642767
997,-0.0008347975470507085,-2.8771110183751882
998,-0.0010776092407018072,-4.012887581397113
999,-0.00030736051164327366,-1.131183291505728
1000,-0.000430516911879261,-1.579681091747953
1001,-0.0004993903580726532,-1.9511634230433297
1002,-0.0005639147686412628,-2.0570585922344566
1003,-7.975667356851417e-05,-0.2903953554818464
1004,-0.0003475921004969815,-1.2813240910631192
1005,-0.000445555076684822,-1.6349919973846263
1006,-0.0005814006200266478,-2.24329367346292
1007,-0.001231301283534975,-4.4166058918961175
1008,-0.0008237360436977488,-3.1325923068494164
1009,-0.00027126128174150596,-1.0003584248725539
1010,-0.0003134159707187233,-1.2041382533309484
1011,-0.0007540088790216512,-2.808352818632775
1012,-0.00022950394397650134,-0.7826581908559941
1013,-0.0005027741058820473,-1.9245794143147144
1014,-0.00036068389614901615,-1.4167536221529728
1015,-0.00045794839156306204,-1.6694570679327412
1016,-0.0004191368537790533,-1.583350734509463
1017,-0.0007345762678800627,-2.8162656294190076
1018,-0.0008602445991340908,-3.169832446135133
1019,-0.00046922888652386455,-1.785164572182143
1020,-0.0006948027547967799,-2.8484749556239968
1021,-0.0007019102619611542,-2.4527921924858522
1022,-0.0005969816196045684,-2.1754865794311424
1023,-0.0004602273086726219,-1.5704047305487283
1024,-0.000564470766816786,-2.0792871091795293
1025,-0.0006745897520157447,-2.629551469848985
1026,-0.0006909217541099747,-2.563605442374139
1027,-0.00013269457799308302,-0.5044720930135025
1028,-0.0007487128356376717,-2.80589910485641
1029,-0.0009668648482764204,-3.2682804193105057
1030,-0.000539972302637201,-2.0072450205688805
1031,-0.000978263651417863,-3.1830177502246575
1032,-0.00041662641041996116,-1.5249548335000205
1033,-0.0007175420932871172,-2.751841038633559
1034,-0.0010012819407099799,-3.6671465204125306
1035,-0.0002593957910588989,-1.002404847858766
1036,-0.00099925724790031,-3.9363069180591697
1037,-0.0004443523663107965,-1.606285853578751
1038,-0.00048207944396607165,-1.8089850452781637
1039,-0.0010023337857426706,-3.649045021211972
1040,-0.000591842235526767,-2.1837922355185784
1041,-0.0011475300814302778,-4.077246846868515
1042,-0.0005783324797466961,-2.1096617365708945
1043,-0.0012415779158947004,-4.404212919726093
1044,-0.0006348851846982315,-2.343341529581431
1045,-0.0007696280406808416,-2.6983574429634034
1046,-0.0003623470579603857,-1.3661606219188114
1047,-0.0007272222362573225,-2.6075364356407267
1048,-0.0006487816079004073,-2.4484198850105185
1049,-0.0008938484048596516,-3.225380076936097
1050,-0.00017939575780217903,-0.6555167671164306
1051,-0.0009958972576430847,-3.748597315244231
1052,-0.0006900490324834596,-2.634078226011389
1053,-0.0006735616044220485,-2.418526556917283
1054,-0.0008780673680418451,-3.170881846691429
1055,-0.0009051732779898642,-3.3296470872187744
1056,-0.0005910438875394793,-2.1047991867790588
1057,-0.00031414622520419965,-1.1783495680221847
1058,-0.0010001694141224349,-3.4928757477211336
1059,-0.000735084185613516,-2.7756068595654337
1060,-0.0009005612761497015,-3.0826700898359594
1061,-0.0007893026792442481,-2.915547448340138
1062,-0.0003309063992313902,-1.2916240826507428
1063,-0.0010949978089715175,-4.121231258411758
1064,-0.0009833213867974594,-3.2931420285876603
1065,-0.001101274728964269,-4.02812750519862
1066,-0.0006777709122594174,-2.51480763715489
1067,-1.0591075421864847e-05,-0.03842020058050733
1068,-0.0006096771049677694,-2.1639176853872764
1069,-0.0004706253545270199,-1.8083385639782825
1070,-0.0006632822701523184,-2.3829430799480584
1071,-0.0003796201705939776,-1.3913974085040683
1072,-0.0006833634138388657,-2.6580722697084647
1073,-0.0005398178957775364,-2.1194419168357834
1074,-0.0008058397982212459,-2.9890515909269495
1075,-0.0005088812648522261,-1.9159665581187457
1076,-0.0006115732541826626,-2.2942684035308334
1077,-0.0008933456826747532,-3.3055377772844956
1078,-0.0009090751369270561,-3.4570290186503474
1079,-0.0008194362097185203,-3.210928268685907
1080,-0.0005999536406138542,-2.365440767538964
1081,-0.0011035885097758205,-3.999638309326469
1082,-0.0010261169109712022,-3.689310439172019
1083,-0.0007790895554503977,-2.920342750271738
1084,-0.0008421447208272342,-3.1616670065086003
1085,-0.0006234117068950862,-2.3578746542885725
1086,-0.0005615200341870486,-2.080056817598104
1087,-0.0006223577136168355,-2.316395964265539
1088,-0.0009006785890604966,-3.3080020526565224
1089,-0.0007365040707116196,-2.7756381518239523
1090,-0.00038746482120346614,-1.4645396929472285
1091,-0.0009077242890675606,-3.4385598671249378
1092,-0.0006848220686396893,-2.4402170198119806
1093,-0.0006115206204765967,-2.2825410702282265
1094,-0.00039185942943518873,-1.4119577808228576
1095,-0.0003321707480038824,-1.3058121767603619
1096,-0.00045778822443439445,-1.7051858061841974
1097,-0.0004575918869958117,-1.772684397170962
1098,-0.0009995778167325405,-3.6141044419440007
1099,-0.0004632402222507321,-1.6668722850347633
1100,-0.00037976704231649453,-1.3858183458439834
1101,-0.0009823871589558497,-3.7092739955853378
1102,-0.00030920270478484324,-1.265116197359449
1103,-0.0006642941668391143,-2.451958172021383
1104,-0.0007216002751929999,-2.7923069591719964
1105,-0.001009624200325652,-3.7125107584483183
1106,-0.00045891967182174577,-1.733672608019011
1107,-0.000986656377293121,-3.7195859347335536
1108,-0.0009764079853341836,-3.5198338436376906
1109,-0.0003546176863211737,-1.2568356422692526
1110,-0.0009421755769505336,-3.5524796557394303
1111,-0.0008199881029022253,-2.9079563920201563
1112,-0.0009366780657270792,-3.517634422617119
1113,-0.0007102420427414079,-2.624416309587248
1114,-0.000602673582103313,-2.269242359744819
1115,-0.00021851685476918765,-0.8211798418329047
1116,-0.0008625853321803694,-3.3259718249671897
1117,-0.0011188474528420228,-3.871771087179284
1118,-0.0009580782075598642,-3.3525741715142816
1119,-0.0007974174816852673,-2.9635683332692704
1120,-0.0007592903145260724,-2.7778456619180893
1121,-0.0007804678106314489,-2.7621369553918598
1122,-0.0005568801673259063,-2.138526660486157
1123,-0.0008440098058700065,-3.3078670588179864
1124,-0.0005870759836684284,-2.101773372577618
1125,-0.0008435835643831525,-2.8543456925783213
1126,-0.001035527753378868,-3.6190110197324694
1127,-0.0008753764546883355,-3.0790256342612774
1128,-0.0010224377662850438,-3.5613139001869007
1129,-0.0009447392662299858,-3.4413875125623083
1130,-0.0004010430636406887,-1.4303868617683897
1131,-0.0005132577610977843,-1.9698174936431045
1132,-0.00040293632625165607,-1.529373556249086
1133,-0.0004775499141420697,-1.8599391908581044
1134,-0.0006353238987751867,-2.4721778608637655
1135,-0.0006863129470134837,-2.497351857892647
1136,-0.0009456814865371285,-3.288773691687842
1137,-0.0007261092597566552,-2.733034689141907
1138,-0.0005928874222725738,-2.2225943715921206
1139,-0.0008690862147765667,-3.294821348850762
1140,-0.0005776852935484751,-2.1169947251881154
1141,-0.0006757418410351376,-2.5001399381673868
1142,-0.0010345671710784805,-3.9261994093285653
1143,-0.0009691961678834607,-3.3957542015504845
1144,-0.00021684791077734644,-0.8334577743905741
1145,-0.0005694293217649747,-2.1532921383213055
1146,-0.0006308187483725295,-2.365754403251258
1147,-0.0007279180135483058,-2.7023914667041717
1148,-0.0007397050290490774,-2.6197598008672474
1149,-0.00038283312808930247,-1.4923413744418972
1150,-0.001093062829971398,-4.207333744842366
1151,-0.0009162518709237721,-3.582548860471252
1152,-0.00047714756813581224,-1.8602487041627167
1153,-0.0007843731160033082,-2.8787320700535397
1154,-0.0007451032304829057,-2.7247400476726216
1155,-0.0007334177932941558,-2.9094927799593364
1156,-0.0005425834428299215,-1.89508486099446
1157,-0.0008898431126604342,-3.1298481986971223
1158,-0.0005508850483762251,-2.1725197739574136
1159,-0.0006325950647448599,-2.4302691098587768
1160,-0.000536933505960731,-1.9191764061367975
1161,-0.000638458247492875,-2.471536539537131
1162,-0.0009833798038813685,-3.503807412831447
1163,-0.0005488754821671506,-1.9909010205706559
1164,-0.0003554573342940231,-1.3857171821088847
1165,-0.0008085499275993286,-3.014420514307702
1166,-0.0005223985745181469,-1.940082832791686
1167,-0.0007498941305469518,-2.716998388979973
1168,-0.000642599497565617,-2.3622363280175076
1169,-0.00029744058040029006,-1.1864407275616136
1170,-0.0006438776049712471,-2.4334851612713893
1171,-0.0007096647063964387,-2.758695497953916
1172,-0.0006284257727163613,-2.2820866772329453
1173,-0.0007403369500224797,-2.6796003675675943
1174,-0.0007715370341294277,-2.6776732893815227
1175,-0.00080985169136409,-3.0710710808256314
1176,-0.000753255588204469,-2.6798874098727667
1177,-0.000770146725014017,-2.8290775262740966
1178,-0.0009777464650541341,-3.6722590022669412
1179,-0.0008999939328551868,-3.216466955790607
1180,-0.00021603999747764062,-0.8099493064097534
1181,-0.0005301467195075262,-1.9945223743415845
1182,-0.0002808510505680139,-1.086511382514831
1183,-0.0002906008000678458,-1.0818118039960725
1184,-0.0005571243524749979,-2.1111645996401336
1185,-0.0006972430748755534,-2.6680550134255583
1186,-0.0007089670323455809,-2.8499496196948693
1187,-0.0001449988536638441,-0.5693018241470305
1188,-0.0007870721158482495,-2.694944619694396
1189,-0.0005148746908066384,-2.0052266572056667
1190,-0.0006874300505817802,-2.5340661517922927
1191,-0.0004344944772936989,-1.650380721893882
1192,-0.0009904927246057558,-3.6481108971469225
1193,-0.000716646201585002,-2.672388243602962
1194,-0.00045128777490519023,-1.7110413649473475
1195,-0.000185366271521113,-0.6788037245943955
1196,-0.0008089548978917707,-3.0516831920051617
1197,-0.0012228651394215915,-4.2592315514071055
1198,-0.0008522330037984355,-3.1749658942023165
1199,-0.0007773117827733685,-3.001267459899424
1200,-0.0002703880363001006,-1.0493365120469895
1201,-0.00017711537704199497,-0.6533884076688959
1202,-0.0008164067188193365,-3.0011660011712173
1203,-0.0006771011235272733,-2.5631763945293877
1204,-0.0001977034370646484,-0.7242741805938379
1205,-0.0008788481953332421,-3.23168239498479
1206,-0.00032341518901028135,-1.3010283195160302
1207,-0.0007476519306328939,-2.759996286280273
1208,-0.0008299813706896497,-3.191805406955205
1209,-5.853717845355355e-05,-0.21409644710533948
1210,-0.0006014999424510585,-2.12320456818479
1211,-0.0015067234525316358,-5.0429507563215825
1212,-0.00023224417042497136,-0.819772207961069
1213,-0.0006076595637368609,-2.3486389290047236
1214,-0.0007470026726731808,-2.685280890256927
1215,-0.00044814325741317776,-1.6194312791129455
1216,-0.0013115356480631615,-4.493819262709383
1217,-0.0005912201880407484,-2.2775733487985126
1218,-0.0007645756081902978,-2.8133725856361496
1219,-0.0003818928726566743,-1.3409356172814937
1220,-0.0008946518307365936,-3.0821501952425945
1221,-0.0006068626073021443,-2.184401784694615
1222,-0.0009107713011367605,-3.482308957052185
1223,-9.407118491720412e-05,-0.3487850209381621
1224,-0.0006142325791936647,-2.2500884683532294
1225,-0.0005057825677617278,-1.858579689840452
1226,-0.0006087225930679376,-2.296962376021196
1227,-0.0002633818904019642,-0.9707056656785765
1228,-0.000293977707878561,-1.1316110333252796
1229,-0.0009742858135968809,-3.6159499935003168
1230,-0.0004158759919060186,-1.4938497666068329
1231,-0.0005715702756253887,-2.0052808052933586
1232,-0.0005872151863587217,-2.3691414493407383
1233,-0.00015540304574376148,-0.5839365368013872
1234,-0.000867713669583715,-3.019829030313247
1235,5.01516800225319e-05,0.18481170154527152
1236,-0.000506905473397046,-1.873433166481996
1237,-0.000832280818327412,-2.9839505024140824
1238,-0.0005620947877464784,-2.0241928790628334
1239,-0.0003539078376902556,-1.3429883391754993
1240,-0.0004842548080925505,-1.7707225805703617
1241,-0.0007110045860392614,-2.5103604581566117
1242,-0.0007163820179260765,-2.60921461843624
1243,-0.0004978574724347781,-2.003483533576956
1244,-0.0004387930687073542,-1.6133371707800528
1245,-0.0001977123952073686,-0.7201011045094686
1246,-0.0007206175531333678,-2.69212947212225
1247,-0.000904966875234484,-3.4627830021445645
1248,-0.00043603359762517103,-1.6148510157645453
1249,2.3916985894083815e-05,0.08881684546695628
1250,-0.0004438240425331598,-1.5585405168902977
1251,-0.0001596523513824628,-0.6012081889228553
1252,-0.0007248366591815101,-2.6225697772322607
1253,-0.0007201102681403544,-2.6826224363247597
1254,-0.0007911779568907604,-3.080169799742935
1255,-0.0005241112922919657,-2.087344457657312
1256,-0.00044946837498292786,-1.7665756122434677
1257,-0.00024433337733170804,-0.9623316486394877
1258,-0.0005484706891290585,-1.9156003343950438
1259,-0.00027452917422962115,-1.0361016346112233
1260,-0.0006022735966634535,-2.298898626360319
1261,-0.0008647771076170717,-3.273013800454268
1262,-0.000873961832467244,-3.2035557747014365
1263,-0.0009355919793975134,-3.591346907885891
1264,-0.0005606343559795092,-2.1637236757716805
1265,-0.00037204281040912804,-1.3686407028303755
1266,-0.0010037680858245317,-3.459121192514398
1267,-0.0007431387093384764,-2.6792936077878817
1268,-0.0008720357779385534,-3.21775478585151
1269,-0.0005242226965097441,-1.987528442442481
1270,-0.0007038901342064128,-2.5592544286155703
1271,-0.00038314591546501184,-1.4043715824370762
1272,-0.0005125567510950647,-1.9395957975616787
1273,-0.001094862994173589,-3.9344165691328308
1274,-0.0002693197452438123,-0.9616947265178571
1275,-0.0005724614682464245,-2.0291940194944957
1276,-0.00041691892830576896,-1.5011892925131904
1277,-0.00021526180963648,-0.7705468325502337
1278,-0.0007600938252140208,-2.9566393208318167
1279,-0.0007113125655699295,-2.7061919356884245
1280,-0.00046249819889129616,-1.7983816512093576
1281,-0.0008606529347452645,-3.5203867269497797
1282,-0.0005260323187184827,-1.9776279551410856
1283,-0.0007608636640346568,-2.776911293137678
1284,-0.0006433162161677537,-2.37487523138662
1285,-1.0890403112811917e-05,-0.040579978401202706
1286,-0.000451069674518882,-1.7224843748208039
1287,-0.0006512774629715923,-2.490415949063146
1288,-0.0011392364821531918,-4.169962135580568
1289,-0.000384727444771098,-1.3660805235022189
1290,-0.0005315460859035519,-2.045784684291202
1291,-0.0002689266499778577,-0.9854626219471102
1292,-0.0006494927360657532,-2.402170669635075
1293,-0.0008169241266733607,-2.8881979753675533
1294,-0.00043213201257980504,-1.5809557276658186
1295,-0.0006903174371989051,-2.5502268460098194
1296,-0.0007667903850624577,-2.9032543615525284
1297,-0.0003506470019792094,-1.3605816641669928
1298,-0.0008402912173770081,-3.2229991512994953
1299,-0.000908714411883439,-3.29972491462043
1300,-0.0006771222956821196,-2.5577837443307883
1301,-0.00014023638011770924,-0.5274233715304812
1302,-0.0006256240189920988,-2.3571809944709186
1303,-0.0007344503134053978,-2.7624786555739584
1304,-0.0005214329700603629,-2.050931675233489
1305,-0.0009012377139042626,-3.5509097032798738
1306,-0.0005740613848677912,-2.0636137099506375
1307,-0.0008644788441515388,-3.335805108972997
1308,-0.00031155956970989183,-1.1896443399716077
1309,-0.0005058722645114826,-1.84656877252806
1310,-0.0003995185028834236,-1.4236068614958413
1311,3.8910138868626695e-06,0.014514050353916308
1312,-0.0004499674112986726,-1.5340257718260724
1313,-0.0003908703268801263,-1.5360269985213946
1314,-0.0011133128399347144,-4.057543041763721
1315,-0.0005548489612308571,-2.0912262343086767
1316,-0.0005389093170062368,-2.059077957700442
1317,-0.0006879574978502684,-2.573024654511477
1318,-0.0001874267696425224,-0.6829959633591255
1319,-0.00033438276250821085,-1.1920197073856085
1320,-0.0005087193652581822,-1.9227529349407528
1321,-0.0007443593378783264,-2.7564493443768696
1322,-0.000971129554563785,-3.519564389302581
1323,-0.0011567617755784904,-4.3281638776241325
1324,-0.0007391697139221595,-2.7427827828573914
1325,-0.0004788177182294236,-1.735552579479108
1326,-0.0004922371823529918,-1.847607143168754
1327,-0.0003093779807328446,-1.106953030937226
1328,-0.000504187535791649,-1.8114218514592695
1329,-0.0011308778825998894,-4.002189484795944
1330,-0.000616211114824032,-2.320571750302637
1331,-0.000624656749123117,-2.3006373976908234
1332,-0.00039719834599546484,-1.433327922713544
1333,-0.0006621513511862236,-2.3770695169175022
1334,-0.0003556592162779223,-1.298696043828887
1335,-0.0005890803957505511,-2.2973828128835234
1336,-0.0007096851867967159,-2.6700617909837043
1337,-0.0007418590149167414,-2.7241362386075183
1338,-0.0007059116422085754,-2.588602521597097
1339,-0.0009098742827939097,-3.4109960486212305
1340,-0.0003047084137192483,-1.1219407100059264
1341,-0.0008688376750880314,-3.322544224853019
1342,-0.0009089650135591331,-3.0071538719221955
1343,-0.0007825779803352623,-3.077537302307413
1344,-0.0006158680210169998,-2.2260517072294776
1345,-0.00021908702174163591,-0.8428701608356514
1346,-0.000336636623263901,-1.2460909399578028
1347,-0.0004585119807349757,-1.7136816033246058
1348,-0.0008143152834809011,-2.846008942383543
1349,-0.00022549299353504695,-0.8428992227786226
1350,-0.0010970458914062071,-4.0883508659204795
1351,-0.00042599794261536695,-1.559299435056724
1352,-0.0010286910685748383,-3.731317397519469
1353,-0.00044747519187018025,-1.5798979671419968
1354,-0.0009515082232213188,-3.574321756628613
1355,-0.00022940130827541963,-0.875413049152017
1356,-0.0004933374491430933,-1.920617765710188
1357,-0.0003985591864907712,-1.569957828554191
1358,-0.00019688767030647623,-0.7012456690508864
1359,-0.0005835913198666055,-2.1652090809057944
1360,-0.0005881062731738363,-2.191083256897894
1361,-0.0009136173174824828,-3.339141412845773
1362,-0.0006086255522940471,-2.2878456710273083
1363,-0.0008179746680903169,-3.047664602621112
1364,-0.0006616140995209142,-2.333548366150013
1365,-0.00047446302421748327,-1.7708954936947463
1366,-0.0003053593860284295,-1.1326294928769685
1367,-0.0007532914611807823,-2.5982268731331923
1368,-0.0005373785591832398,-2.070464490619694
1369,-0.0007033697857111832,-2.321675557152066
1370,-0.0004632309098301395,-1.5529071353962953
1371,-0.0007295880455516263,-2.62873743179478
1372,-0.0006544365672998466,-2.567980779853639
1373,-0.0008185476235290017,-3.1975238766365526
1374,-0.0006029387637333731,-2.2470355529322505
1375,-0.0009566564913217439,-3.7742588422262364
1376,-0.000358478587670334,-1.3667238472730778
1377,-0.0005177575976075887,-2.0039570533297812
1378,-0.0003910888943648591,-1.4354525299536052
1379,-0.000522659704849759,-2.023875824626158
1380,-0.00043580009630349824,-1.499472199315818
1381,-0.0009124016940325705,-3.4920893995532793
1382,-0.0007207460051645052,-2.677647399705
1383,-0.0003478583889568386,-1.3439769342142693
1384,8.489687573483772e-05,0.32928691342226624
1385,-0.0005310477846597762,-2.065494430466109
1386,-0.0007253889755016393,-2.7547198891212785
1387,-0.0008280052059701729,-3.0685495792156505
1388,-0.0007310894504915128,-2.7128757077248324
1389,-0.00021235042411663215,-0.8022326024587899
1390,-0.001071640546230371,-4.017076594866299
1391,-0.00021056332921898875,-0.7787377745843201
1392,-0.00022991445776729237,-0.8399294511923143
1393,-0.0010962634672696324,-3.9944880139576675
1394,-0.0007760205936972539,-2.94991217948273
1395,-0.0005032738378435952,-1.8734263092335124
1396,-0.0006400135171431802,-2.4591410217658196
1397,-0.0004622266623338701,-1.6854604864499498
1398,-0.0007112292825925934,-2.589272053800811
1399,-0.0009725855381493195,-3.770206950285158
1400,-0.0007211370728408257,-2.6651732047601726
1401,-0.00019187305544400698,-0.7385236706849353
1402,-0.00031382563505096103,-1.1528413324470157
1403,-0.00034489784404712276,-1.2319247416432166
1404,-0.0005024416845930804,-1.8449813834668525
1405,-0.0009789688279846934,-3.510243009168013
1406,-0.0006965230502130672,-2.587218068573254
1407,-0.0006484197780305397,-2.4594538710141696
1408,-0.0007667325046834527,-2.7965027697405507
1409,-0.000784172563277352,-2.887262506110082
1410,-0.0008844274775498238,-3.3030924448302086
1411,-0.0004136138818856286,-1.5259167371329292
1412,-0.000726584968140374,-2.374058226658898
1413,-0.001269500870792509,-4.758472086645753
1414,-0.0010403701310177872,-3.9063284492766304
1415,-0.0007050435002806702,-2.468288830860135
1416,-0.0005152150191959144,-1.9363283643597486
1417,-0.00031073065721749614,-1.07847051834004
1418,-0.0005222345635071673,-1.9142142440761287
1419,-0.0007839862434038116,-3.0839290511370976
1420,-0.0008195365573465808,-3.250408494373827
1421,-0.0005102830091665038,-1.922227810009839
1422,-0.0007966129843252397,-2.9086047666519272
1423,-0.0005913983702903029,-2.1929553887281052
1424,-0.0009638579785916939,-3.503473247407006
1425,-0.0005050945236876401,-1.919903554134878
1426,-0.0004982693457692526,-1.879237164464938
1427,-0.00013877600215812276,-0.5339034236269746
1428,-0.00047576425621284813,-1.6222564030207582
1429,-0.0008303261810209586,-3.1008942312390944
1430,-0.0007702724229108346,-2.822913709296672
1431,-0.00045398300821951316,-1.7315708385330597
1432,-0.0009068464138745852,-3.329657551760926
1433,-0.0004352590893636162,-1.6687107611777903
1434,-0.0005754580562124659,-2.0674663003901697
1435,-0.0003365301022337677,-1.2300766696902927
1436,-0.0002602236054652139,-0.9499592550273169
1437,-0.0009351972032797689,-3.319815259416709
1438,-0.0007048010855276479,-2.686236028016736
1439,-0.0005784439707720179,-2.046070136878221
1440,-0.00048138592163904945,-1.7724415068678325
1441,-0.0009600095549360671,-3.492171696637233
1442,-0.0003349998574273067,-1.1789098484930747
1443,-0.0010685322871549525,-3.8988647312796645
1444,-0.0009950896456366858,-3.5622518018878946
1445,-0.00021673596990511663,-0.7982383901156334
1446,-0.00026209752640057453,-0.9436932252321765
1447,-0.0006314777389716336,-2.2246694907470084
1448,-0.0010376356279671204,-3.5727571039140793
1449,-0.0004988944065097306,-1.8113164073400685
1450,-0.0007617140669825243,-2.7677146636236656
1451,-0.0006051098706230117,-2.190774634313651
1452,-0.00036102817522695236,-1.4003742705944056
1453,-0.0009012388895263279,-3.4730701762593963
1454,-0.0005485827978236242,-1.8830750177663778
1455,-0.00027929748631197975,-0.9616967490929013
1456,-0.0010417496424746683,-3.713763918695374
1457,-0.0002433448825351075,-0.9261817515490044
1458,-0.00038733410425529415,-1.408262703009978
1459,-0.0005920407002374277,-2.113421741148376
1460,-0.0005152939131272707,-1.939019182815462
1461,-0.0006531746609856412,-2.3608148203809707
1462,-0.00020992032872572757,-0.7728237408857033
1463,-0.0006515890626132183,-2.3662972107881823
1464,-0.001063313874397157,-4.045182058653554
1465,-0.0005052653123465317,-1.807490905596331
1466,-0.0012806159285920296,-4.8327160560487465
1467,-0.0006135728024554487,-2.40306442055317
1468,-0.0009274989854504955,-3.7206024697214564
1469,-0.0004130084435887742,-1.5298262980334565
1470,-0.0008421896984242178,-3.0470756675366406
1471,-0.0010115473654392119,-3.894035553466022
1472,-0.0004060724432542578,-1.591041641459738
1473,-0.000693635265538426,-2.637991087791054
1474,-0.0009066084068909951,-3.2562497518951266
1475,-0.00040839021285225775,-1.40345088456692
1476,-0.0005331590195353113,-1.9465819800993491
1477,-0.001060876626785261,-4.061897162468853
1478,-0.0011377368024849512,-3.974066240244448
1479,-0.00015465051805533546,-0.5833530146456202
1480,-0.0007986691580490067,-2.905328241778319
1481,-0.00013233549229391071,-0.48080941108279024
1482,-0.0007873734513762023,-3.010593379222113
1483,-0.0003960276127124892,-1.3948644960751269
1484,-0.0006385236970544101,-2.341235984248855
1485,-0.0009336040080259596,-3.507696793884178
1486,-0.0012944028761486964,-4.580157771184442
1487,-0.0005721347688146116,-2.110425278815569
1488,-0.0009784027138864844,-3.473242639321279
1489,-0.0008190276427326057,-2.9644593494972247
1490,-0.0008184890784410898,-3.175276654906775
1491,-0.0009363230683835834,-3.4776166232440766
1492,-0.0011383879484888862,-4.182407802533928
1493,-0.0010429129427684883,-3.9481318539418524
1494,-0.0005985738031504263,-2.3025418191080136
1495,-0.0004828295220897251,-1.7313453880262255
1496,-0.0006424367344661769,-2.50127341961494
1497,-0.0005032514151590262,-1.7958330250062444
1498,-0.0007475985757495854,-2.7589158148444133
1499,-0.0005666198418329566,-2.078745506072817
1500,-0.00040978266338086763,-1.484093718249916
1501,-0.0005202702474504426,-1.9101581854958174
1502,-6.295360981250837e-05,-0.24797946048372072
1503,-0.0002569801507986346,-0.9880467533797032
1504,-0.0007565079904133876,-2.7182218810193404
1505,-0.0008146656976207239,-3.0198704140856467
1506,-0.0005023265331399934,-1.7792844019218594
1507,-0.0012053138260940351,-4.532963736789528
1508,0.00011228443114776332,0.4316413808090578
1509,-0.0005412061266120417,-2.0442453982472526
1510,-0.0010836563195602922,-3.693487523889535
1511,-0.0006399299876641768,-2.3075725621082706
1512,-0.0006089322427331041,-2.1348964638430923
1513,-0.0004437636861420798,-1.696142064902671
1514,-0.0010652434869747427,-4.085123937392656
1515,-0.0003074658537910857,-1.133670442918247
1516,-0.00020608040399059806,-0.8005897923653311
1517,-0.001337949999239583,-5.076494833782787
1518,-0.0006759959637372223,-2.439006982786229
1519,-0.0008789511739788459,-3.3042201526923027
1520,-0.0007103978111516278,-2.6986513138171384
1521,-0.0007291423896287351,-2.8748857655941005
1522,-0.0003123236078781019,-1.0708798998269011
1523,-0.0010571503870906687,-4.136878117807557
1524,-0.0005095914235259321,-1.9067803971928203
1525,6.656504911378102e-06,0.023855710066725908
1526,-0.0007717573302555772,-2.5809057628590923
1527,-0.0004211448744241987,-1.5612626482757272
1528,-0.0008644899885206327,-3.0981655377019175
1529,-0.0005197641042071323,-2.010537942557238
1530,-0.0004475722425187587,-1.7376752214933149
1531,-0.0008950343596298731,-3.3270013692839973
1532,-0.0003586529201385338,-1.3649928701792726
1533,-0.0007578039851575582,-2.7345144800442673
1534,-0.0005908933781653902,-2.123832683227927
1535,-0.0007959639190365905,-2.991458509126855
1536,-0.0006687284680004661,-2.540243096615602
1537,-0.0004381011970940186,-1.7242485780155912
1538,-0.0006973427250610803,-2.6862376747771375
1539,-0.00010875455882953489,-0.40213101392324074
1540,-0.0009639719844365135,-3.5846130152085913
1541,-0.0006928528756493239,-2.758014559841569
1542,-0.0004294087209870097,-1.5848906819965625
1543,-0.0005419508122708886,-2.0772511365704593
1544,-0.00033906904930716615,-1.2809255365142491
1545,-0.0009049348025781411,-3.4067580917514424
1546,-0.0006526188504223203,-2.338140856994849
1547,-0.0008370711861039213,-2.860718870170001
1548,-0.0004253404061214469,-1.5923412693480485
1549,-0.0002695011348447639,-0.9929591614510542
1550,-0.0007035233643878912,-2.428198562079865
1551,-0.0004016893192443556,-1.5616059142256966
1552,-0.0005671235280437647,-1.9610869308511876
1553,-0.0002623192996668875,-0.9740445764023979
1554,-0.0006463730140812611,-2.652432997190457
1555,-0.0004987803098495311,-1.7814115108167816
1556,-0.0008082089342691687,-2.9430051287181134
1557,-0.00043442504194367277,-1.643084046657428
1558,-0.0006256382074756676,-2.2364268132061214
1559,-0.000427706982992945,-1.605791729740408
1560,-0.0005810146096834462,-2.069734700111363
1561,-0.000687984944982536,-2.6063896590484177
1562,-0.0009194821573831777,-3.365469804862425
1563,-0.00048526354533658236,-1.8230664369175114
1564,0.00012650348353972102,0.4903798321693132
1565,-0.0008622071236537074,-3.227054487824108
1566,-0.0007518461003737045,-2.6289089557473613
1567,-0.0007067213039629097,-2.7156855507328275
1568,-0.0004583811141146833,-1.8772965152228993
1569,-0.00045849237426390016,-1.7471463503496358
1570,-0.00035458388753357615,-1.341618594234134
1571,-0.0007681487711388447,-2.814276847885383
1572,-0.000710347202617316,-2.520016934226547
1573,-0.0006249326557714642,-2.3411296939395427
1574,-0.000690636001726719,-2.6406120431027404
1575,-0.0012912836423731974,-4.35703774598238
1576,-0.000813600244689281,-2.9841282901302493
1577,-0.0004936319599211646,-1.853618925454026
1578,-0.0003526667412836739,-1.3231996919136075
1579,-0.0008689595563746028,-3.0682538375229305
1580,-0.0008149983546094493,-2.9022053017827902
1581,-0.0006668523773947227,-2.478819981943455
1582,-0.0006889039910648829,-2.6532314883541845
1583,-0.0008094272243688671,-3.055447490561584
1584,-0.0005470746608152265,-2.0331125496816984
1585,-0.00041458885946720126,-1.5511644506707447
1586,-0.0004831457900289895,-1.853052957157188
1587,-0.0008314720613686002,-2.938669443052603
1588,-0.0002339025672599069,-0.8763901584189974
1589,-0.0006754755430299333,-2.2708993541574363
1590,-0.0008358201332162065,-2.9657212149823002
1591,-7.442700098387921e-05,-0.2816079943441684
1592,-0.0011110671533299105,-4.071993591728421
1593,-0.0011198685255588564,-4.189095064559145
1594,-0.0007124599656199656,-2.8109958883874784
1595,-0.00046079855927087153,-1.7810310868744499
1596,-0.0005684341006269026,-2.2039239026458093
1597,-0.0004886278626975763,-1.856157431632814
1598,-0.00042843636169004177,-1.661994664443016
1599,-0.0006621769990397579,-2.526952463540397
1600,-0.00010679979505507152,-0.39984559102764494
1601,-0.001120835297179347,-4.179654826221933
1602,-0.0010975333155952374,-3.7595813092520345
1603,-0.0007662829064100252,-2.6649103534269525
1604,-0.0004935921014184262,-1.8556143182170723
1605,-0.000903883821589,-3.4943467808152087
1606,-0.0009411457173612518,-3.341068638763916
1607,-0.0006410144388225641,-2.4131749925750197
1608,-0.0009068732706902541,-3.3154590856691546
1609,-0.0007327241506617963,-2.8517048521314825
1610,-0.000579681767580239,-1.93697111171728
1611,-0.0005915127162569049,-2.1720739351706104
1612,-0.000836587943019892,-3.0060488462141204
1613,-0.0003407474072020828,-1.2515589434729024
1614,-0.00016381830730860582,-0.6113582627092626
1615,-0.00042721605375696054,-1.6080722503246998
1616,-0.0005514834941051721,-2.084742206949159
1617,-0.00026964867619694164,-1.0598814277670776
1618,-0.0007039910608217277,-2.630051805712392
1619,-0.0007633473611753845,-2.866741840990247
1620,-0.0005400582269500112,-1.9424606358770933
1621,5.3975726719393536e-05,0.2019059785833662
1622,-0.0006500137643728112,-2.5319720436794766
1623,-0.0004306617874079216,-1.6030037313062262
1624,-0.00046906659232268284,-1.7798437870551267
1625,-0.0008166631006612827,-3.0088216043604312
1626,-0.0003646718007563548,-1.3637499773272552
1627,-0.0009779391291891407,-3.7518333468027807
1628,-0.0008854319342699591,-3.243145110870509
1629,-0.0003135807921133802,-1.132065847063177
1630,-0.000841775762235597,-3.271941091361176
1631,-0.0008792593961893346,-3.3659606796066925
1632,-0.000979972699929947,-3.8030811679509857
1633,-0.00042826926183412437,-1.6599745585687438
1634,-0.0005753818425998562,-2.2394618248667744
1635,-0.00039423707242662305,-1.5167059766302644
1636,-0.0012502406284556856,-4.596924385224825
1637,-0.0009011162296178427,-3.3333460239071506
1638,-0.0007105630005103958,-2.713176467999585
1639,-0.0007180335972883421,-2.666390454259281
1640,-0.00045378795065101487,-1.6661082477298559
1641,-0.0009275658117914757,-3.325596389598385
1642,-0.0007820652896812987,-2.8979350012635323
1643,-0.0011100882641239982,-4.202175248107234
1644,-0.0006959903413815927,-2.6366678671100408
1645,-0.00022689427758882947,-0.9126225143737651
1646,-0.00087299037437642,-3.1239576148675074
1647,-0.0008713806902117209,-3.0915261842152724
1648,-0.0005441158671137404,-1.9255127234133567
1649,-0.00024608631414024476,-0.9609238568201804
1650,-0.0005031366666263529,-1.9116262160804791
1651,-8.536757726745866e-05,-0.33945185636328123
1652,-0.0006413792799709794,-2.3105954967858677
1653,-0.0007915834441785015,-2.80103081887402
1654,-0.0008014188114585084,-2.917911455255464
1655,-0.00035156817654933854,-1.3784674970481718
1656,-0.000542810396533751,-2.005000067899023
1657,-0.0005872118268862536,-1.9918111742960696
1658,-0.0006214639171019901,-2.3526279434695208
1659,-0.0005998083226611815,-2.2997219922496552
1660,-0.000530458580842062,-2.108417585851897
1661,-0.0002715131397076968,-0.9414375870996206
1662,-0.0007361111223599964,-2.932583541684049
1663,-0.0008709752524121991,-3.335171806348859
1664,-0.0008340511081441882,-3.302179432304036
1665,-0.001030786777621169,-4.12517961235557
1666,-0.0004582988690287302,-1.7306754970918137
1667,-0.00041850489772866673,-1.5638226135336977
1668,-0.0010259084973334917,-3.497935574473179
1669,-0.0004643641955530783,-1.6080134366894347
1670,-0.0006972961795576603,-2.503347391689237
1671,-0.0005783108506463811,-2.199765396876728
1672,-0.0003889289751365962,-1.516822834037604
1673,-0.0007855964128149136,-3.0515135697660405
1674,-0.0007161255134609618,-2.6273580839079953
1675,-0.0010113561856409132,-3.9312490669405027
1676,-0.0007359407587741761,-2.662045232446737
1677,-0.0010324678256958856,-3.607476136081446
1678,-0.00043649812924909077,-1.6919379337112816
1679,-0.0011123767409662861,-3.860079913140316
1680,-0.0009255620933789553,-3.647272962493232
1681,-0.0010725514508299983,-3.8005265038037153
1682,-0.0007473025694243477,-2.7809845380562845
1683,-0.0008288870739611977,-3.11639068579389
1684,-0.0007134180369053202,-2.7879532435875056
1685,-0.0006137077462263342,-2.3605450874193465
1686,-7.180708148278883e-05,-0.2826152406717604
1687,-0.000593235377060231,-2.15497299406239
1688,-0.0011652775666662499,-4.0188921084234
1689,-0.00047503081786283386,-1.7779413237998911
1690,-0.00043441402368467655,-1.6445335452027638
1691,-0.0008023726387235092,-2.9157031625562637
1692,-0.0006078833887136059,-2.1693788113462347
1693,-0.0009110126045194452,-3.566914655349876
1694,-0.0009825565406126012,-3.7994895229250076
1695,-0.0007796798244991617,-3.0034159241690332
1696,-0.0008069551370374819,-3.078448357540164
1697,-0.0006486201009168654,-2.5815174233136955
1698,-0.0006498400723232867,-2.4397604845309937
1699,-0.0009851842000916033,-3.599990159805314
1700,-0.0005776500487073067,-2.2728036831240845
1701,-0.0006195245869663217,-2.1492770751176553
1702,-0.0003892227523124155,-1.5084167958802142
1703,-0.0008037761391097548,-2.8185785472690177
1704,-0.00046531582599035066,-1.6569511133902715
1705,-0.0005469629927041175,-2.095451207786404
1706,-0.0005652020208485569,-2.0634933758377327
1707,-0.0010385756686653533,-4.0035005184585275
1708,-0.0003407718917209602,-1.166823052811444
1709,-0.0005641871997540824,-2.009983162961062
1710,-0.00048115836891356336,-1.8126219189254351
1711,-0.0006308658599884387,-2.3451426163902536
1712,-0.0008663551551265239,-3.0485617074956695
1713,-0.0007816729062239684,-2.975593094254486
1714,-0.0008598927881328803,-3.0635516239997944
1715,-0.0007286004513171393,-2.666368940030241
1716,-0.0009021814782942655,-3.2443610517416137
1717,-0.00041247401130119476,-1.4061785997483471
1718,0.0002049108362139537,0.7528481120201121
1719,-0.000588985886755178,-2.1450759431829396
1720,-0.0009481660557376302,-3.3777691749518675
1721,-0.0008855696578417079,-3.161534096512252
1722,-0.0007111374983250647,-2.642611156723483
1723,-0.0008764196048688564,-3.3375336451209003
1724,-0.0006024998174165521,-2.2061910399467104
1725,-0.00045844007694347894,-1.6148473767237308
1726,-0.0005807934346341272,-2.2477609820206554
1727,-0.0006747168166823355,-2.7846573167890925
1728,-0.0008561127071892854,-3.0634569963053395
1729,-0.0010858475410094812,-4.028595349661231
1730,-0.0008320287800982326,-3.1554101238125236
1731,-0.00036132680208274915,-1.1895793894570843
1732,-0.00039311473508612757,-1.534709774256211
1733,-0.0005722308824537444,-2.1795840845942442
1734,-0.0003817048728444503,-1.4121267921584173
1735,-0.0008480439800483337,-3.1001110505459977
1736,-0.0006571578597000406,-2.329955889804134
1737,-0.0005015077039947184,-1.8373228266965351
1738,-0.0007829882554732598,-2.9611241811553404
1739,8.173075753056011e-05,0.3148971902567994
1740,-0.0008047694284268116,-2.961914755764608
1741,-0.0005850884794791703,-2.312093412096378
1742,-0.0005610304696070786,-2.1586863498544724
1743,-0.0010927338950301201,-4.008619580798654
1744,-0.0004259851868548745,-1.6031074036411315
1745,-0.0007434852755683083,-2.8943460795680367
1746,-0.0006899913655017946,-2.552137219199553
1747,-0.0006561710146468662,-2.3985537857701553
1748,-0.00048500039803500694,-1.8137289623930823
1749,-0.000624932365843261,-2.3014152752955934
1750,-0.00046052841570438837,-1.6622322650884716
1751,-0.00038646294693232835,-1.343255018366156
1752,-0.00040539535870233315,-1.5358092046007914
1753,-0.0006605567038091153,-2.4023431217220543
1754,-0.0005367491553645804,-1.9507903771012947
1755,-0.0003692854881965799,-1.4070684923041812
1756,-0.0006144512357780404,-2.292012074132919
1757,-0.0012588749430694063,-4.378501264376517
1758,-0.0007077927776932165,-2.624084803490907
1759,-0.0008916715715375236,-2.995891167476479
1760,-0.0006889653568168983,-2.436781552725877
1761,-0.0009506178412554693,-3.6119519991387796
1762,-0.0002778954437223706,-1.0257198988761775
1763,-0.0003706414432932446,-1.3901157755408713
1764,-0.0002867103912966305,-1.023476679747348
1765,-0.001018822396936882,-4.017560676811868
1766,-0.00043446697969979573,-1.6603815487198852
1767,-0.0005972820190511204,-2.2893314401098537
1768,-0.0007832964322487273,-2.8487740146198046
1769,-0.00083762004450482,-3.269500430598984
1770,-0.0006278829091423424,-2.305824834801172
1771,-0.0004334763576096001,-1.5962930918552825
1772,-0.0009341646098874898,-3.4074112956955784
1773,-0.0006908458793424663,-2.4633703611228954
1774,-0.0009057144981624034,-3.3816154931482454
1775,-0.0006159311864471044,-2.232935402486526
1776,-0.0010397748617697012,-3.720060116035249
1777,-7.643413702151372e-05,-0.2796534416168641
1778,-0.0009774417031228532,-3.600603635680963
1779,-0.0008899147010421977,-3.2934975015366392
1780,-0.000953164880964197,-3.503665642834432
1781,-0.0005478494693340449,-2.147025425884455
1782,-0.0005733736956474993,-2.196685851855315
1783,-0.000449799750563029,-1.7669649977490849
1784,-0.00027648312309400526,-1.0470425908300676
1785,-0.0006258835505127167,-2.4220388129278554
1786,-0.0004379898763425036,-1.589816924031867
1787,-0.0009797965296322719,-3.470050245509725
1788,-0.0007501228391053554,-2.874596631909793
1789,-0.0008153814854142811,-2.9283696588575108
1790,-0.0006128663680550056,-2.160678800641509
1791,-0.000756768473538806,-2.6752001347168
1792,-0.0008146003042837428,-3.2173610358568707
1793,-0.0007579593396956074,-2.829666752881954
1794,-0.000290224075382175,-1.0260566960271742
1795,-0.0007038482470208184,-2.5083500998767096
1796,-0.0004576923326989626,-1.6604672225100252
1797,-9.273923791227333e-05,-0.3379438320203123
1798,-1.8498297181287747e-07,-0.0006157155188949184
1799,-0.0006589740391625122,-2.407399819254318
1800,-0.0006000944074823857,-2.2774844244454417
1801,-0.0004818324822931949,-1.8221473968581139
1802,-0.0007727139595179177,-3.027168351922238
1803,-0.0011120093444496222,-4.024460429087849
1804,-0.0005594628851861307,-2.000835530751772
1805,-0.0009472803697419149,-3.763500862783278
1806,-0.0002716109073318606,-1.0290340498870338
1807,-0.0004381242040340266,-1.6378001945829015
1808,-0.0011034413301957136,-3.9628270981448006
1809,-0.0006928285274585686,-2.6409873339115495
1810,-0.0006062002576739013,-2.1392935809764877
1811,-0.0003628727144792018,-1.2464871756390186
1812,-0.0011091762063663655,-3.8628293836095615
1813,-0.0005605697316920727,-1.9941432304510922
1814,-0.0002194643217166577,-0.8369942633702275
1815,-0.000807280322667927,-3.1091449131999545
1816,-0.0010890882445197582,-3.8642737994469476
1817,-0.0007381025559396291,-2.844703296737866
1818,-0.0004871881525044932,-1.8907043212413766
1819,-0.0003808233299983343,-1.510059382232544
1820,-0.0005164593503145816,-1.8333357132304668
1821,-0.0008272707891045488,-3.076822065104983
1822,-0.0009984205924214058,-3.447991396147168
1823,-0.0007305462905597709,-2.7129825026159637
1824,-0.00045596701348816604,-1.8239317522310556
1825,-0.0005535900947224402,-2.1108152640156677
1826,-0.0005219307030240681,-1.9963662779895448
1827,-0.0006250533608266282,-2.3358400511217754
1828,-0.00010929894872649436,-0.43184823114910453
1829,-0.0006055390893398488,-2.020774775326971
1830,-0.0008080146396879877,-2.8131030554761334
1831,-0.0006504587529982606,-2.389581104038439
1832,-0.0006122183612474252,-2.3208610810202663
1833,-0.0007058811478230714,-2.7330796823346852
1834,-0.0009602366174081741,-3.575095534652269
1835,-0.0010257728419533936,-3.5946788982707765
1836,-0.0006136738344215106,-2.128826421706461
1837,-0.000641367413088539,-2.3204792363946565
1838,-0.00041153784262122124,-1.4645379361986972
1839,-0.0004238504930073033,-1.530482600408422
1840,-0.0005340434758969755,-1.8769948571061421
1841,-0.0006666227950426826,-2.6127063144087272
1842,-0.0009778251858180017,-3.625101585197031
1843,-0.0008331112636385366,-3.3034749915700474
1844,-0.0004951909321590238,-1.893162296122996
1845,-0.0011249268657436808,-4.21643229001479
1846,-0.0010430258751780075,-3.982972109349806
1847,-0.0013407345816710736,-4.683843835053885
1848,-0.0006879502381385449,-2.6167036920533993
1849,-0.0006619074313492638,-2.486930823575048
1850,8.729484705360874e-06,0.03220021733901843
1851,-0.0008169092527260783,-2.9420985571135505
1852,-0.0004523996910389099,-1.6247824560838877
1853,-0.0002377121322822277,-0.8530422235221141
1854,-0.0006516199441082934,-2.3158025317445663
1855,-0.0006918096799159134,-2.555773362532034
1856,-0.0005563623512448301,-2.223843883191077
1857,-0.00011740657206443805,-0.41628118382012613
1858,-0.0009127537722080735,-3.4634860323722125
1859,-0.000652066727316804,-2.323415316083033
1860,-0.0007530552914049454,-2.7507187793422276
1861,-0.0005931917689165346,-2.1631185342316073
1862,-0.0010455996657626745,-3.622419339213812
1863,-0.0008320820244459583,-3.0292784464324676
1864,-0.0005409943068696334,-1.9112142682591884
1865,-0.0006821718901870421,-2.21130871446002
1866,-0.0003685104941480405,-1.4537293147154815
1867,-0.00033862832800979266,-1.2141709647412335
1868,-0.0009370952554388722,-3.344402340861692
1869,-0.0006068877743004279,-2.156227312643338
1870,-0.0007430703085478737,-2.688686299855684
1871,-0.0006562686483723607,-2.433490921786048
1872,-0.00019104343497775554,-0.777276665669355
1873,-0.0006856308307328968,-2.4977379487986395
1874,-0.0005755800861288262,-2.0956167079276735
1875,-0.0005111362483678089,-2.0589183044449495
1876,-0.0008874686723781066,-3.301887957095637
1877,-0.000757716956397527,-2.6572508939172286
1878,-0.0008085494278650399,-2.9320938352785966
1879,-0.0004149493789545669,-1.544773038686205
1880,-0.000439663893198802,-1.7566253353732735
1881,-0.0004583340191898283,-1.629341409355627
1882,-0.0006817484108202189,-2.508452035480386
1883,-0.000598217780111445,-2.083738947513117
1884,-0.0004259740127428908,-1.4547011766819
1885,-0.0005425734185606581,-1.9855873578196632
1886,-0.0011929896597083732,-4.2471997029859025
1887,-0.0006274773727908542,-2.2887376810326825
1888,-0.0008130700570346499,-2.8922300112190067
1889,-0.0004589649522205346,-1.76637513347188
1890,-0.0005496921317698133,-2.012057300308186
1891,-0.0006263619150085166,-2.3992971773197884
1892,-0.0008539205277021843,-3.2304436482938605
1893,-0.00021064611772250136,-0.8318250223931326
1894,-0.0005468500707819469,-2.066289670501567
1895,-0.0010893964355512672,-3.856839920455107
1896,-0.0007866942854255025,-2.775808585592348
1897,-0.00047559763837304336,-1.6740489094209519
1898,-0.00046280918763543774,-1.6878447415276285
1899,-0.0007794866760824018,-2.7621455969467203
1900,-0.0008145787802544053,-2.9724088614452184
1901,-0.0011680066526132688,-4.204400261872311
1902,-0.0003051156467218478,-1.166751434203438
1903,-0.0007909569114138868,-3.037824202498308
1904,-0.00034446737439381553,-1.2773779828426803
1905,-0.0008008740428321699,-3.0318590185452288
1906,-0.0009868303253320549,-3.374422919502574
1907,-0.00014495572377316924,-0.5556314663928622
1908,-0.0005190039081782102,-1.9936078011274174
1909,-0.0008195600040017531,-3.081208159933956
1910,-0.0006568848892921891,-2.3533272589191365
1911,-0.00010673944240915312,-0.4317211248718403
1912,-0.0006400798854074125,-2.3670669801660362
1913,0.0001583821496681056,0.5926925214853578
1914,-0.0005892003734473771,-2.1997353592744693
1915,-0.0008269878977682903,-2.9155444207496806
1916,-0.0005366058856119879,-2.0046711754435123
1917,-0.0008833417090711105,-3.149465787108985
1918,-0.00048399053927660916,-1.755937308777975
1919,-0.0008492779071512938,-2.993389140524111
1920,-0.0009029361864744163,-3.388440815636367
1921,-0.0008686726973002852,-3.2126585321523162
1922,-0.0006241809497058441,-2.3451752266304458
1923,-0.0009345240526203215,-3.2260076877535098
1924,-0.0005146178693350606,-1.9982395308016112
1925,-0.0007032438841189165,-2.8366930758674473
1926,-0.0005787509550550089,-2.065279598412479
1927,-0.0005354062392262689,-2.063226987377922
1928,-0.0007377801089709967,-2.623668237197454
1929,-0.0007460200726453149,-2.860760161279305
1930,-0.0004156384998997344,-1.5349356558971194
1931,-0.0005968629534923974,-2.1392294269804912
1932,-0.00037979686589416557,-1.5580424502655161
1933,-0.0010210340850512474,-3.969228681529594
1934,-0.0008805415836138293,-3.3251041066206466
1935,-0.0007645099915767257,-2.921235335996807
1936,-0.0006149518730447029,-2.2836339893611854
1937,-0.0006380061284261925,-2.4769716282534993
1938,-0.0003977378225050297,-1.3613161092689385
1939,-0.0008040103641039783,-2.910510016847883
1940,-0.0007113467258372426,-2.907495151263107
1941,-0.000677376621054516,-2.5373191419133394
1942,-0.00011014177588275118,-0.43744040862373557
1943,-0.00045109435834182597,-1.7204281221493491
1944,-0.0013521150202814754,-5.174834064619081
1945,-0.00030216830273593524,-1.1158159582121365
1946,-0.00032408579603553046,-1.1971750402305603
1947,-0.0009202331597457073,-3.286387731193733
1948,-0.0009152793906389769,-3.5071121594905987
1949,-0.0007377143890369937,-2.7556502038387896
1950,-0.00032499509694788225,-1.2865267334001727
1951,-0.0005045499975238118,-1.935734466000993
1952,-0.0005873394578703385,-2.255992494114861
1953,-0.0007403139904801302,-2.8174192706081826
1954,-0.0004640718858749492,-1.7558833193910903
1955,-0.0002454939858572156,-0.936917327897577
1956,-0.0006236879264852528,-2.360390806592741
1957,-0.0004545438423584615,-1.711433032278675
1958,-0.0003235552427884615,-1.163912223405641
1959,-0.0006738199586293662,-2.433856627921129
1960,-0.00016602862716574683,-0.5949615055512028
1961,-0.001047226182903539,-3.897812253136828
1962,-0.0005533574900670017,-2.0101417945889364
1963,-0.00023028743812523948,-0.8086063710130363
1964,-0.0005940006579198248,-2.306637392458138
1965,-0.0007077673458110199,-2.6636556143007226
1966,-0.00046053930338665064,-1.7962063408775824
1967,-0.0005480902642010422,-2.02530015750084
1968,-0.0004931170066898159,-1.8439883678860554
1969,-0.0008686658642930526,-3.2079742802204017
1970,-0.0007223460777942845,-2.778481367738271
1971,-0.000439276541420612,-1.60720174778175
1972,-0.0005499136804668573,-2.127823119031358
1973,-0.0007765005746486328,-2.8965071406125857
1974,-0.0007865100378149471,-2.935862880166498
1975,-0.0012109492186422757,-4.511773642013856
1976,-0.0004573238904743473,-1.7071620960863185
1977,-0.0008312397147226378,-3.062393633566131
1978,-0.00040171524115076583,-1.5669738850055164
1979,-0.0008847248183984249,-3.5148253925846844
1980,-0.0007286094890870963,-2.8639661578752085
1981,-0.00044199594740083756,-1.7043557609632074
1982,-0.001227448411612001,-4.566514081740722
1983,-0.0007411452674727874,-2.9175155349251214
1984,-0.00034644532503814144,-1.3195174020643996
1985,-0.0006993532539708354,-2.5325340140475823
1986,-0.0004776322365993839,-1.7533517152294864
1987,-0.000831946239098572,-3.015662340404892
1988,-0.0003275539668518401,-1.2876749816600417
1989,-0.0007526599559834726,-2.6386158555951926
1990,-0.000733990458057769,-2.879320510355977
1991,-0.000543723603525796,-1.909891522237942
1992,-0.0007011131928987575,-2.5949945547154862
1993,-0.00036815060327333887,-1.4227342414452466
1994,-0.0005144121975317345,-2.055653948660642
1995,-0.000624687555842207,-2.349680345212443
1996,-0.0003881870851226697,-1.4685781186849094
1997,-0.0006661053023346148,-2.7003264177886113
1998,-0.0009948087296058673,-3.6914751309950837
1999,-0.0005970639362608775,-2.3028245848372775
